{"stats":{"minecraft:picked_up":{"minecraft:sandstone":2,"integrateddynamics:on_the_dynamics_of_integration":1,"minecraft:torch":6,"minecraft:mourner_pottery_sherd":5,"minecraft:danger_pottery_sherd":5,"minecraft:chiseled_sandstone":6,"tombstone:gift":2,"minecraft:smooth_sandstone":14,"minecraft:snort_pottery_sherd":5,"minecraft:sandstone_stairs":2,"minecraft:arms_up_pottery_sherd":5},"minecraft:custom":{"minecraft:time_since_rest":1554,"minecraft:interact_with_furnace":2,"minecraft:sprint_one_cm":10214,"minecraft:damage_taken":322,"minecraft:walk_one_cm":25475,"minecraft:trigger_trapped_chest":7,"minecraft:drop":2,"minecraft:fly_one_cm":186261,"minecraft:open_chest":7,"minecraft:crouch_one_cm":790,"minecraft:play_time":17492,"minecraft:deaths":1,"minecraft:sneak_time":867,"minecraft:walk_under_water_one_cm":101,"minecraft:jump":159,"minecraft:time_since_death":3044,"minecraft:walk_on_water_one_cm":670,"minecraft:climb_one_cm":985,"minecraft:total_world_time":17492,"minecraft:fall_one_cm":209},"minecraft:used":{"minecraft:creeper_spawn_egg":1,"minecraft:sandstone_stairs":2,"minecraft:chiseled_sandstone":6,"minecraft:iron_pickaxe":31,"minecraft:smooth_sandstone":14,"minecraft:sandstone":2,"minecraft:zombie_spawn_egg":1,"minecraft:bamboo_mosaic_stairs":1,"minecraft:torch":6},"minecraft:dropped":{"tombstone:gift":1,"integrateddynamics:on_the_dynamics_of_integration":1},"minecraft:mined":{"minecraft:chiseled_sandstone":6,"minecraft:smooth_sandstone":14,"minecraft:torch":3,"minecraft:decorated_pot":5,"minecraft:sandstone":2,"minecraft:wall_torch":2,"minecraft:sandstone_stairs":3}},"DataVersion":3465}