{"stats":{"minecraft:picked_up":{"minecraft:sandstone":2,"integrateddynamics:on_the_dynamics_of_integration":1,"minecraft:torch":8,"minecraft:mourner_pottery_sherd":7,"minecraft:sand":1,"minecraft:smooth_sandstone_stairs":1,"minecraft:danger_pottery_sherd":6,"minecraft:chiseled_sandstone":10,"minecraft:cut_sandstone_slab":2,"tombstone:gift":2,"minecraft:smooth_sandstone":24,"minecraft:snort_pottery_sherd":7,"minecraft:polished_diorite":1,"minecraft:sandstone_stairs":2,"cataclysm:sandstone_ignite_trap":1,"minecraft:sugar_cane":39,"minecraft:arms_up_pottery_sherd":7},"minecraft:custom":{"minecraft:time_since_rest":5467,"minecraft:interact_with_furnace":2,"minecraft:sprint_one_cm":60928,"minecraft:damage_taken":771,"minecraft:walk_one_cm":53505,"minecraft:trigger_trapped_chest":7,"minecraft:drop":2,"minecraft:swim_one_cm":1975,"minecraft:fly_one_cm":286085,"minecraft:open_chest":10,"minecraft:crouch_one_cm":2084,"minecraft:play_time":29492,"minecraft:deaths":3,"minecraft:sneak_time":1572,"minecraft:walk_under_water_one_cm":1141,"minecraft:jump":506,"minecraft:time_since_death":5578,"minecraft:walk_on_water_one_cm":1414,"minecraft:climb_one_cm":985,"minecraft:total_world_time":29492,"minecraft:fall_one_cm":12896},"minecraft:used":{"minecraft:creeper_spawn_egg":1,"minecraft:sandstone_stairs":2,"minecraft:chiseled_sandstone":10,"minecraft:bread":2,"minecraft:iron_pickaxe":53,"minecraft:smooth_sandstone":24,"minecraft:sandstone":2,"minecraft:zombie_spawn_egg":1,"minecraft:smooth_sandstone_stairs":1,"minecraft:bamboo_mosaic_stairs":1,"minecraft:torch":8,"minecraft:sand":1,"minecraft:hay_block":1,"minecraft:cut_sandstone_slab":2,"tombstone:gift":2,"minecraft:polished_diorite":1},"minecraft:killed_by":{"minecraft:spider":1},"minecraft:dropped":{"tombstone:gift":1,"integrateddynamics:on_the_dynamics_of_integration":1},"minecraft:mined":{"minecraft:cut_sandstone_slab":2,"minecraft:chiseled_sandstone":10,"minecraft:smooth_sandstone":24,"minecraft:torch":5,"cataclysm:sandstone_ignite_trap":1,"minecraft:decorated_pot":7,"minecraft:sand":1,"minecraft:smooth_sandstone_stairs":1,"minecraft:polished_diorite":1,"minecraft:sugar_cane":15,"minecraft:sandstone":2,"minecraft:wall_torch":2,"minecraft:sandstone_stairs":3}},"DataVersion":3465}