{"stats":{"minecraft:crafted":{"minecraft:oak_planks":16,"craftable_elytra_remastered:elytra_side":1,"minecraft:iron_boots":1,"minecraft:wheat":252,"minecraft:crafting_table":2,"minecraft:iron_helmet":1,"minecraft:acacia_boat":1,"minecraft:bread":64,"minecraft:oak_boat":1,"minecraft:iron_chestplate":1,"minecraft:paper":3,"minecraft:iron_pickaxe":2,"minecraft:iron_leggings":1,"minecraft:white_bed":1,"minecraft:elytra":1},"minecraft:killed_by":{"minecraft:spider":1,"iceandfire:gorgon":5},"minecraft:used":{"alexsmobs:emu_egg":1,"minecraft:iron_sword":46,"minecraft:zombie_spawn_egg":1,"minecraft:smooth_sandstone_stairs":1,"minecraft:torch":16,"minecraft:dirt":1,"minecraft:polished_diorite":2,"minecraft:smooth_sandstone":24,"minecraft:beef":1,"minecraft:dark_oak_boat":3,"minecraft:hay_block":1,"tombstone:gift":3,"minecraft:potato":1,"minecraft:acacia_planks":2,"minecraft:acacia_boat":2,"minecraft:mossy_stone_bricks":1,"minecraft:sandstone_stairs":2,"minecraft:baked_potato":3,"minecraft:sandstone":2,"minecraft:cut_sandstone":2,"minecraft:bamboo_mosaic_stairs":1,"minecraft:sand":4,"minecraft:cut_sandstone_slab":2,"minecraft:crafting_table":5,"minecraft:white_bed":6,"minecraft:creeper_spawn_egg":1,"minecraft:chiseled_sandstone":10,"minecraft:bread":26,"minecraft:melon_slice":64,"minecraft:iron_pickaxe":118,"minecraft:diamond_sword":41,"minecraft:oak_boat":5},"minecraft:dropped":{"graveyard:white_urn":1,"minecraft:wheat_seeds":1,"minecraft:granite":2,"iceandfire:ectoplasm":1,"graveyard:corruption":1,"minecraft:ink_sac":9,"minecraft:mutton":4,"minecraft:melon_slice":23,"tombstone:grave_dust":1,"minecraft:sand":4,"tombstone:gift":1,"minecraft:deepslate_brick_slab":1,"minecraft:diamond_sword":1,"minecraft:potato":1,"mysticalagriculture:inferium_essence":5,"minecraft:stone_brick_wall":2,"minecraft:oak_sapling":1,"exoticbirds:raw_birdmeat":1,"integrateddynamics:on_the_dynamics_of_integration":1,"iceandfire:dragon_skull_lightning":1},"minecraft:picked_up":{"irons_spellbooks:scroll":4,"iceandfire:dragon_skull_lightning":4,"minecraft:cocoa_beans":9,"minecraft:iron_chestplate":3,"minecraft:crafting_table":3,"minecraft:wheat":8,"minecraft:suspicious_stew":1,"minecraft:mourner_pottery_sherd":7,"alexscaves:cave_tablet":7,"minecraft:stone_brick_wall":2,"minecraft:potion":24,"minecraft:enchanted_book":39,"minecraft:stone_brick_stairs":3,"quark:dark_oak_chest":2,"minecraft:brewing_stand":1,"minecraft:shield":2,"iceandfire:manuscript":28,"minecraft:music_disc_cat":1,"minecraft:string":87,"minecraft:iron_axe":1,"minecraft:iron_leggings":1,"minecraft:compass":1,"minecraft:iron_shovel":4,"minecraft:zombie_head":1,"iceandfire:ghost_ingot":1,"iceandfire:graveyard_soil":2,"graveyard:corruption":2,"irons_spellbooks:arcane_essence":14,"mysticalagriculture:inferium_essence":26,"comforts:sleeping_bag_white":1,"minecraft:beef":16,"minecraft:oak_boat":5,"iceandfire:myrmex_desert_resin":1,"graveyard:leaning_skeleton":1,"minecraft:iron_pickaxe":1,"minecraft:minecart":3,"alexsmobs:raccoon_tail":1,"minecraft:melon_slice":218,"minecraft:sugar_cane":64,"minecraft:golden_helmet":1,"minecraft:polished_deepslate_slab":6,"minecraft:stick":18,"minecraft:sandstone":2,"iceandfire:dragonbone":123,"iceandfire:armor_copper_metal_leggings":1,"minecraft:torch":99,"graveyard:skull_with_rib_cage":2,"quark:jungle_chest":8,"sophisticatedbackpacks:backpack":7,"vampirism:vampire_fang":11,"vampirism:amulet":3,"minecraft:carrot":47,"minecraft:iron_horse_armor":1,"minecraft:cauldron":1,"minecraft:dark_oak_planks":1,"minecraft:smooth_sandstone_slab":3,"minecraft:tnt":1,"iceandfire:silver_ingot":1,"minecraft:arrow":115,"minecraft:rotten_flesh":13,"minecraft:beetroot_seeds":25,"minecraft:nether_bricks":2,"minecraft:diamond_boots":1,"minecraft:sandstone_stairs":2,"alexsmobs:emu_egg":1,"iceandfire:myrmex_desert_chitin":3,"farmersdelight:rope":22,"minecraft:saddle":4,"minecraft:mutton":4,"minecraft:iron_bars":6,"exoticbirds:raw_birdmeat":1,"minecraft:skeleton_skull":1,"minecraft:white_wool":7,"minecraft:cobblestone":9,"minecraft:enchanting_table":2,"vampirism:vampire_book":2,"minecraft:clock":2,"minecraft:feather":6,"minecraft:cooked_beef":7,"iceandfire:sea_serpent_fang":2,"integrateddynamics:on_the_dynamics_of_integration":1,"minecraft:cut_sandstone":8,"minecraft:leather":2,"minecraft:dark_oak_boat":3,"minecraft:potato":40,"minecraft:filled_map":1,"alexsmobs:cachalot_whale_tooth":1,"minecraft:smooth_sandstone_stairs":1,"minecraft:oak_log":4,"minecraft:danger_pottery_sherd":6,"iceandfire:ectoplasm":4,"minecraft:golden_boots":2,"minecraft:acacia_boat":2,"minecraft:wither_skeleton_skull":1,"minecraft:dirt":1,"minecraft:paper":46,"minecraft:cut_sandstone_slab":3,"minecraft:white_banner":1,"tombstone:gift":2,"irons_spellbooks:common_ink":3,"minecraft:smooth_sandstone":24,"minecraft:chipped_anvil":4,"minecraft:bone":32,"vampirism:human_heart":1,"minecraft:acacia_planks":7,"minecraft:apple":4,"minecraft:stone_bricks":46,"minecraft:bow":3,"minecraft:wheat_seeds":14,"minecraft:deepslate_brick_slab":1,"minecraft:cobbled_deepslate_slab":7,"vampirism:item_garlic":2,"minecraft:cobweb":22,"graveyard:white_urn":1,"minecraft:mossy_stone_bricks":5,"minecraft:arms_up_pottery_sherd":7,"minecraft:iron_sword":1,"minecraft:mossy_stone_brick_stairs":1,"minecraft:book":261,"minecraft:emerald_block":7,"irons_spellbooks:frozen_bone":5,"minecraft:music_disc_13":2,"minecraft:chiseled_stone_bricks":1,"vampirism:ring":2,"vampiresdelight:hardtack":3,"iceandfire:dragon_skull_fire":5,"minecraft:sand":10,"minecraft:ink_sac":9,"minecraft:white_bed":5,"minecraft:chiseled_sandstone":13,"minecraft:bundle":1,"minecraft:snort_pottery_sherd":7,"graveyard:vase_block":13,"minecraft:polished_diorite":2,"minecraft:iron_helmet":2,"minecraft:granite":21,"minecraft:crossbow":3,"iceandfire:sea_serpent_scales_red":16,"minecraft:emerald":1,"minecraft:golden_horse_armor":3,"cataclysm:sandstone_ignite_trap":1,"minecraft:baked_potato":3,"tombstone:magic_scroll":4,"minecraft:oak_sapling":1,"minecraft:damaged_anvil":7,"minecraft:dark_oak_fence":6,"minecraft:coal":9,"minecraft:diamond_pickaxe":1},"minecraft:broken":{"minecraft:chainmail_leggings":1,"minecraft:diamond_helmet":1,"minecraft:iron_chestplate":1},"minecraft:mined":{"minecraft:cut_sandstone_slab":2,"minecraft:white_bed":5,"graveyard:gray_urn":1,"cataclysm:sandstone_ignite_trap":1,"minecraft:cobbled_deepslate_slab":9,"minecraft:grass_block":1,"minecraft:stone_brick_wall":2,"minecraft:decorated_pot":7,"minecraft:deepslate_bricks":1,"quark:jungle_chest":8,"minecraft:polished_diorite":2,"minecraft:sandstone":2,"minecraft:sandstone_stairs":3,"minecraft:deepslate_brick_slab":1,"minecraft:chiseled_sandstone":12,"minecraft:polished_deepslate_slab":8,"minecraft:quartz_slab":1,"minecraft:iron_bars":2,"minecraft:smooth_sandstone_stairs":1,"sophisticatedbackpacks:backpack":7,"minecraft:cut_sandstone":2,"graveyard:white_urn":1,"quark:dark_oak_chest":2,"minecraft:torch":8,"minecraft:smooth_sandstone":24,"minecraft:crafting_table":3,"minecraft:tall_grass":6,"graveyard:skeleton_hand":1,"graveyard:lying_skeleton":1,"minecraft:sugar_cane":25,"minecraft:damaged_anvil":7,"minecraft:wall_torch":3,"minecraft:wither_rose":1,"minecraft:stone_brick_stairs":3,"minecraft:grass":14,"graveyard:dark_iron_bars":1,"minecraft:oak_log":4,"minecraft:sand":10,"graveyard:leaning_skeleton":1,"minecraft:cobweb":1,"minecraft:acacia_planks":1,"minecraft:wither_skeleton_skull":1,"minecraft:chipped_anvil":4,"minecraft:mossy_stone_bricks":1,"minecraft:oak_leaves":8,"minecraft:emerald_block":7},"minecraft:killed":{"vampirism:vampire":1,"graveyard:skeleton_creeper":1,"alexsmobs:raccoon":1,"minecraft:vindicator":2,"minecraft:spider":5,"minecraft:skeleton":1,"minecraft:sheep":3,"iceandfire:ghost":2,"minecraft:cow":1,"iceandfire:sea_serpent":1},"minecraft:custom":{"minecraft:mob_kills":18,"minecraft:interact_with_crafting_table":14,"minecraft:open_barrel":14,"minecraft:leave_game":5,"minecraft:time_since_death":86834,"minecraft:climb_one_cm":5013,"minecraft:sprint_one_cm":494904,"minecraft:walk_one_cm":260759,"minecraft:drop":46,"minecraft:play_time":151421,"minecraft:deaths":8,"minecraft:sneak_time":2605,"minecraft:walk_under_water_one_cm":9708,"minecraft:boat_one_cm":366840,"minecraft:jump":3843,"minecraft:walk_on_water_one_cm":14037,"minecraft:total_world_time":151421,"minecraft:interact_with_furnace":5,"tombstone:raider_killed":2,"vampirism:interact_with_garlic_diffuser":1,"minecraft:sleep_in_bed":6,"minecraft:time_since_rest":4310,"minecraft:damage_taken":2147483647,"minecraft:trigger_trapped_chest":7,"minecraft:damage_dealt":4954,"minecraft:swim_one_cm":26445,"minecraft:fly_one_cm":1365329,"minecraft:open_chest":56,"minecraft:crouch_one_cm":4251,"tombstone:undead_killed":4,"minecraft:aviate_one_cm":9232,"minecraft:fall_one_cm":113315}},"DataVersion":3465}