{"stats":{"minecraft:picked_up":{"integrateddynamics:on_the_dynamics_of_integration":1},"minecraft:custom":{"minecraft:jump":54,"minecraft:time_since_rest":5492,"minecraft:crouch_one_cm":240,"minecraft:sprint_one_cm":3905,"minecraft:play_time":5492,"minecraft:time_since_death":5492,"minecraft:walk_one_cm":4968,"minecraft:sneak_time":147,"minecraft:total_world_time":5492,"minecraft:drop":1,"minecraft:fly_one_cm":83825},"minecraft:used":{"minecraft:creeper_spawn_egg":1,"minecraft:zombie_spawn_egg":1},"minecraft:dropped":{"integrateddynamics:on_the_dynamics_of_integration":1}},"DataVersion":3465}