{"stats":{"minecraft:killed":{"graveyard:skeleton_creeper":1,"minecraft:spider":1,"iceandfire:ghost":1},"minecraft:picked_up":{"irons_spellbooks:scroll":4,"minecraft:cocoa_beans":9,"minecraft:iron_chestplate":3,"minecraft:wheat":8,"minecraft:suspicious_stew":1,"minecraft:mourner_pottery_sherd":7,"alexscaves:cave_tablet":7,"minecraft:potion":24,"minecraft:enchanted_book":39,"quark:dark_oak_chest":2,"minecraft:brewing_stand":1,"minecraft:shield":2,"minecraft:music_disc_cat":1,"iceandfire:manuscript":28,"minecraft:string":85,"minecraft:iron_axe":1,"minecraft:iron_leggings":1,"minecraft:compass":1,"minecraft:iron_shovel":4,"minecraft:zombie_head":1,"graveyard:corruption":2,"iceandfire:graveyard_soil":2,"irons_spellbooks:arcane_essence":14,"mysticalagriculture:inferium_essence":17,"comforts:sleeping_bag_white":1,"minecraft:beef":15,"iceandfire:myrmex_desert_resin":1,"graveyard:leaning_skeleton":1,"minecraft:iron_pickaxe":1,"minecraft:minecart":3,"minecraft:melon_slice":195,"minecraft:sugar_cane":41,"minecraft:golden_helmet":1,"minecraft:stick":18,"minecraft:sandstone":2,"iceandfire:dragonbone":79,"iceandfire:armor_copper_metal_leggings":1,"minecraft:torch":96,"sophisticatedbackpacks:backpack":7,"quark:jungle_chest":8,"graveyard:skull_with_rib_cage":2,"vampirism:vampire_fang":11,"minecraft:carrot":47,"vampirism:amulet":3,"minecraft:iron_horse_armor":1,"minecraft:cauldron":1,"minecraft:dark_oak_planks":1,"minecraft:smooth_sandstone_slab":3,"minecraft:tnt":1,"iceandfire:silver_ingot":1,"minecraft:arrow":113,"minecraft:rotten_flesh":13,"minecraft:beetroot_seeds":25,"minecraft:nether_bricks":2,"minecraft:diamond_boots":1,"minecraft:sandstone_stairs":2,"iceandfire:myrmex_desert_chitin":3,"farmersdelight:rope":22,"minecraft:saddle":4,"minecraft:iron_bars":6,"minecraft:skeleton_skull":1,"minecraft:white_wool":4,"minecraft:cobblestone":9,"minecraft:enchanting_table":2,"minecraft:cooked_beef":7,"vampirism:vampire_book":2,"minecraft:feather":5,"minecraft:clock":2,"integrateddynamics:on_the_dynamics_of_integration":1,"minecraft:cut_sandstone":8,"minecraft:leather":2,"minecraft:dark_oak_boat":1,"minecraft:potato":39,"minecraft:filled_map":1,"minecraft:smooth_sandstone_stairs":1,"minecraft:danger_pottery_sherd":6,"iceandfire:ectoplasm":3,"minecraft:golden_boots":2,"minecraft:cut_sandstone_slab":3,"minecraft:paper":46,"minecraft:white_banner":1,"tombstone:gift":2,"irons_spellbooks:common_ink":3,"minecraft:smooth_sandstone":24,"minecraft:bone":22,"vampirism:human_heart":1,"minecraft:acacia_planks":6,"minecraft:apple":4,"minecraft:stone_bricks":46,"minecraft:bow":3,"minecraft:wheat_seeds":13,"vampirism:item_garlic":2,"minecraft:cobweb":22,"minecraft:mossy_stone_bricks":4,"minecraft:arms_up_pottery_sherd":7,"minecraft:iron_sword":1,"minecraft:mossy_stone_brick_stairs":1,"minecraft:book":261,"irons_spellbooks:frozen_bone":5,"minecraft:music_disc_13":2,"minecraft:chiseled_stone_bricks":1,"vampirism:ring":2,"vampiresdelight:hardtack":3,"iceandfire:dragon_skull_fire":5,"minecraft:sand":8,"minecraft:white_bed":2,"minecraft:chiseled_sandstone":13,"minecraft:bundle":1,"minecraft:snort_pottery_sherd":7,"minecraft:polished_diorite":2,"minecraft:iron_helmet":2,"minecraft:crossbow":3,"minecraft:granite":19,"minecraft:golden_horse_armor":3,"minecraft:baked_potato":3,"cataclysm:sandstone_ignite_trap":1,"tombstone:magic_scroll":4,"minecraft:dark_oak_fence":6,"minecraft:diamond_pickaxe":1},"minecraft:custom":{"minecraft:mob_kills":3,"minecraft:leave_game":2,"minecraft:time_since_death":23473,"minecraft:climb_one_cm":985,"minecraft:sprint_one_cm":101548,"minecraft:walk_one_cm":89352,"minecraft:drop":3,"minecraft:play_time":47387,"minecraft:deaths":3,"minecraft:sneak_time":1687,"minecraft:walk_under_water_one_cm":2357,"minecraft:boat_one_cm":54090,"minecraft:jump":814,"minecraft:walk_on_water_one_cm":4753,"minecraft:total_world_time":47387,"minecraft:interact_with_furnace":2,"minecraft:sleep_in_bed":1,"minecraft:time_since_rest":864,"minecraft:damage_taken":879,"minecraft:trigger_trapped_chest":7,"minecraft:damage_dealt":727,"minecraft:swim_one_cm":11986,"minecraft:fly_one_cm":374800,"minecraft:open_chest":30,"minecraft:crouch_one_cm":2294,"tombstone:undead_killed":2,"minecraft:fall_one_cm":19320},"minecraft:used":{"minecraft:zombie_spawn_egg":1,"minecraft:smooth_sandstone_stairs":1,"minecraft:torch":10,"minecraft:polished_diorite":2,"minecraft:smooth_sandstone":24,"minecraft:dark_oak_boat":1,"minecraft:hay_block":1,"tombstone:gift":2,"minecraft:sandstone_stairs":2,"minecraft:baked_potato":2,"minecraft:sandstone":2,"minecraft:cut_sandstone":2,"minecraft:bamboo_mosaic_stairs":1,"minecraft:sand":1,"minecraft:cut_sandstone_slab":2,"minecraft:white_bed":1,"minecraft:creeper_spawn_egg":1,"minecraft:chiseled_sandstone":10,"minecraft:bread":3,"minecraft:iron_pickaxe":64,"minecraft:diamond_sword":13},"minecraft:killed_by":{"minecraft:spider":1},"minecraft:dropped":{"graveyard:corruption":1,"tombstone:gift":1,"integrateddynamics:on_the_dynamics_of_integration":1},"minecraft:mined":{"minecraft:cut_sandstone_slab":2,"minecraft:white_bed":2,"cataclysm:sandstone_ignite_trap":1,"minecraft:decorated_pot":7,"quark:jungle_chest":8,"minecraft:polished_diorite":2,"minecraft:sandstone":2,"minecraft:sandstone_stairs":3,"minecraft:chiseled_sandstone":12,"minecraft:smooth_sandstone_stairs":1,"sophisticatedbackpacks:backpack":7,"minecraft:cut_sandstone":2,"quark:dark_oak_chest":2,"minecraft:smooth_sandstone":24,"minecraft:torch":7,"minecraft:sugar_cane":15,"minecraft:wall_torch":2,"minecraft:sand":8},"minecraft:crafted":{"minecraft:iron_pickaxe":1}},"DataVersion":3465}