{"stats":{"minecraft:killed":{"endofherobrine:silverfish":2,"vampirism:vampire":1,"minecraft:spider":2,"minecraft:zombie":3,"iceandfire:ghost":1,"minecraft:drowned":2},"minecraft:broken":{"minecraft:leather_helmet":1},"minecraft:picked_up":{"minecraft:crafting_table":1,"minecraft:iron_door":1,"integrateddynamics:on_the_dynamics_of_integration":2,"minecraft:oak_log":26,"paraglider:goddess_statue":2,"minecraft:dirt":22,"minecraft:red_bed":2,"minecraft:apple":1,"minecraft:wheat_seeds":4,"mysticalagriculture:inferium_essence":18,"vampirism:item_garlic":1,"minecraft:redstone_torch":3,"tombstone:bag_of_seeds":1,"minecraft:oak_planks":1,"minecraft:furnace":2,"minecraft:stick":3,"minecraft:raw_iron":4,"minecraft:cooked_porkchop":1,"minecraft:porkchop":3,"minecraft:diorite":4,"vampirism:vampire_fang":1,"quark:oak_chest":1,"minecraft:prismarine_crystals":2,"minecraft:leather_helmet":1,"minecraft:rotten_flesh":5,"minecraft:hay_block":14,"exoticbirds:pelican_egg":1,"alexsmobs:maggot":2,"minecraft:oak_sapling":2,"minecraft:cobblestone":112,"minecraft:rail":4},"minecraft:custom":{"minecraft:interact_with_furnace":4,"minecraft:mob_kills":13,"minecraft:interact_with_crafting_table":6,"minecraft:damage_dealt_resisted":27,"minecraft:time_since_death":62109,"minecraft:sleep_in_bed":3,"minecraft:time_since_rest":23273,"minecraft:sprint_one_cm":144703,"minecraft:damage_taken":1040,"minecraft:walk_one_cm":194899,"minecraft:drop":22,"minecraft:damage_dealt":2259,"minecraft:damage_dealt_absorbed":37,"minecraft:swim_one_cm":32927,"minecraft:fly_one_cm":341684,"minecraft:open_chest":6,"minecraft:crouch_one_cm":6427,"minecraft:play_time":62109,"tombstone:undead_killed":6,"minecraft:sneak_time":2979,"minecraft:walk_under_water_one_cm":5884,"minecraft:jump":1506,"minecraft:walk_on_water_one_cm":18760,"minecraft:total_world_time":62109,"minecraft:fall_one_cm":47797},"minecraft:used":{"minecraft:stone_sword":49,"minecraft:stone_pickaxe":130,"minecraft:oak_planks":1,"paraglider:goddess_statue":2,"minecraft:dirt":9,"minecraft:crafting_table":1,"minecraft:red_bed":2,"tombstone:bag_of_seeds":2,"minecraft:apple":1,"minecraft:bread":22,"exoticbirds:pelican_egg":1,"minecraft:leather_helmet":1,"minecraft:iron_door":1,"minecraft:stone_axe":18,"minecraft:cobblestone":53,"minecraft:oak_sapling":2,"minecraft:furnace":2,"minecraft:cooked_porkchop":1,"quark:oak_chest":3},"minecraft:dropped":{"vampirism:item_garlic":1,"alexsmobs:maggot":2,"minecraft:wheat_seeds":5,"minecraft:pitcher_pod":2,"minecraft:prismarine_crystals":2,"minecraft:rotten_flesh":5,"minecraft:torchflower_seeds":1,"minecraft:rail":4,"exoticbirds:mystery_egg":1,"minecraft:dirt":7,"vampirism:vampire_fang":1,"mysticalagriculture:inferium_essence":2,"minecraft:beetroot_seeds":5,"minecraft:redstone_torch":3},"minecraft:mined":{"minecraft:glass_pane":1,"minecraft:red_bed":2,"quark:oak_chest":1,"minecraft:sea_lantern":1,"minecraft:crafting_table":1,"minecraft:grass_block":5,"minecraft:tall_grass":3,"minecraft:cobblestone":32,"minecraft:oak_planks":1,"minecraft:diorite":4,"minecraft:iron_door":1,"mysticalagriculture:inferium_ore":6,"vampiresdelight:wild_garlic":1,"minecraft:hay_block":14,"minecraft:furnace":2,"minecraft:iron_ore":4,"minecraft:grass":12,"minecraft:oak_log":25,"minecraft:dirt":11,"minecraft:stone":78,"minecraft:oak_leaves":23,"minecraft:redstone_wall_torch":3,"paraglider:goddess_statue":2},"minecraft:crafted":{"minecraft:oak_planks":20,"minecraft:stone_axe":1,"minecraft:bread":42,"minecraft:stick":8,"quark:oak_chest":2,"minecraft:stone_pickaxe":1,"minecraft:stone_sword":1,"minecraft:wheat":126}},"DataVersion":3465}