{"stats":{"minecraft:killed":{"iceandfire:ghost":1,"minecraft:spider":1},"minecraft:picked_up":{"minecraft:crafting_table":1,"minecraft:cooked_porkchop":1,"integrateddynamics:on_the_dynamics_of_integration":2,"minecraft:porkchop":3,"minecraft:oak_log":22,"quark:oak_chest":1,"paraglider:goddess_statue":2,"minecraft:leather_helmet":1,"minecraft:dirt":16,"minecraft:red_bed":2,"minecraft:wheat_seeds":2,"vampirism:item_garlic":1,"minecraft:hay_block":14,"alexsmobs:maggot":2,"minecraft:oak_planks":1,"minecraft:rail":4,"minecraft:cobblestone":31,"minecraft:furnace":2},"minecraft:custom":{"minecraft:time_since_rest":2131,"minecraft:interact_with_furnace":4,"minecraft:sprint_one_cm":107226,"minecraft:damage_taken":755,"minecraft:walk_one_cm":149502,"minecraft:mob_kills":4,"minecraft:drop":8,"minecraft:damage_dealt":560,"minecraft:swim_one_cm":9661,"minecraft:damage_dealt_absorbed":37,"minecraft:interact_with_crafting_table":6,"minecraft:fly_one_cm":257924,"minecraft:open_chest":6,"minecraft:crouch_one_cm":3703,"minecraft:play_time":40967,"tombstone:undead_killed":1,"minecraft:sneak_time":1382,"minecraft:walk_under_water_one_cm":1184,"minecraft:jump":1028,"minecraft:damage_dealt_resisted":27,"minecraft:walk_on_water_one_cm":6381,"minecraft:time_since_death":40967,"minecraft:sleep_in_bed":3,"minecraft:total_world_time":40967,"minecraft:fall_one_cm":36654},"minecraft:used":{"minecraft:stone_sword":10,"minecraft:bread":15,"minecraft:stone_pickaxe":32,"minecraft:oak_planks":1,"minecraft:leather_helmet":1,"minecraft:stone_axe":12,"paraglider:goddess_statue":2,"minecraft:dirt":9,"minecraft:cooked_porkchop":1,"minecraft:crafting_table":1,"minecraft:furnace":2,"minecraft:red_bed":2,"quark:oak_chest":3},"minecraft:dropped":{"vampirism:item_garlic":1,"minecraft:dirt":7,"alexsmobs:maggot":2,"minecraft:wheat_seeds":2,"minecraft:rail":4,"exoticbirds:mystery_egg":1},"minecraft:mined":{"minecraft:hay_block":14,"minecraft:glass_pane":1,"minecraft:furnace":2,"minecraft:red_bed":2,"quark:oak_chest":1,"minecraft:crafting_table":1,"minecraft:grass":5,"minecraft:grass_block":4,"minecraft:oak_log":21,"minecraft:dirt":5,"minecraft:tall_grass":2,"minecraft:cobblestone":28,"minecraft:oak_planks":1,"vampiresdelight:wild_garlic":1,"paraglider:goddess_statue":2},"minecraft:crafted":{"minecraft:oak_planks":20,"minecraft:stick":8,"quark:oak_chest":2,"minecraft:stone_pickaxe":1,"minecraft:stone_sword":1,"minecraft:stone_axe":1,"minecraft:bread":42,"minecraft:wheat":126}},"DataVersion":3465}