{"stats":{"minecraft:picked_up":{"integrateddynamics:on_the_dynamics_of_integration":2,"minecraft:hay_block":14,"alexsmobs:maggot":2,"minecraft:dirt":9,"minecraft:leather_helmet":1},"minecraft:custom":{"minecraft:open_chest":2,"minecraft:time_since_rest":4967,"minecraft:play_time":4967,"minecraft:sprint_one_cm":3650,"minecraft:damage_taken":221,"minecraft:walk_one_cm":24376,"minecraft:sneak_time":4,"minecraft:mob_kills":2,"minecraft:damage_dealt_resisted":27,"minecraft:jump":44,"minecraft:damage_dealt":108,"minecraft:time_since_death":4967,"minecraft:total_world_time":4967,"minecraft:fall_one_cm":1440,"minecraft:damage_dealt_absorbed":37,"minecraft:interact_with_crafting_table":1,"minecraft:fly_one_cm":6803},"minecraft:used":{"minecraft:dirt":9,"minecraft:bread":1,"minecraft:leather_helmet":1},"minecraft:mined":{"minecraft:hay_block":14},"minecraft:crafted":{"minecraft:bread":42,"minecraft:wheat":126}},"DataVersion":3465}