{"stats":{"minecraft:killed":{"endofherobrine:silverfish":2,"vampirism:vampire":1,"minecraft:spider":2,"minecraft:zombie":3,"iceandfire:ghost":1,"minecraft:drowned":2},"minecraft:broken":{"minecraft:leather_helmet":1},"minecraft:picked_up":{"minecraft:crafting_table":1,"integrateddynamics:on_the_dynamics_of_integration":2,"minecraft:oak_log":26,"paraglider:goddess_statue":2,"minecraft:dirt":16,"minecraft:red_bed":2,"minecraft:apple":1,"minecraft:wheat_seeds":3,"mysticalagriculture:inferium_essence":2,"vampirism:item_garlic":1,"tombstone:bag_of_seeds":1,"minecraft:oak_planks":1,"minecraft:furnace":2,"minecraft:stick":3,"minecraft:cooked_porkchop":1,"minecraft:porkchop":3,"vampirism:vampire_fang":1,"quark:oak_chest":1,"minecraft:leather_helmet":1,"minecraft:rotten_flesh":5,"minecraft:hay_block":14,"exoticbirds:pelican_egg":1,"alexsmobs:maggot":2,"minecraft:oak_sapling":2,"minecraft:cobblestone":31,"minecraft:rail":4},"minecraft:custom":{"minecraft:interact_with_furnace":4,"minecraft:mob_kills":13,"minecraft:interact_with_crafting_table":6,"minecraft:damage_dealt_resisted":27,"minecraft:time_since_death":52967,"minecraft:sleep_in_bed":3,"minecraft:time_since_rest":14131,"minecraft:sprint_one_cm":133543,"minecraft:damage_taken":990,"minecraft:walk_one_cm":184205,"minecraft:drop":19,"minecraft:damage_dealt":2259,"minecraft:damage_dealt_absorbed":37,"minecraft:swim_one_cm":16209,"minecraft:fly_one_cm":315087,"minecraft:open_chest":6,"minecraft:crouch_one_cm":3831,"minecraft:play_time":52967,"tombstone:undead_killed":6,"minecraft:sneak_time":1427,"minecraft:walk_under_water_one_cm":5130,"minecraft:jump":1332,"minecraft:walk_on_water_one_cm":16957,"minecraft:total_world_time":52967,"minecraft:fall_one_cm":43540},"minecraft:used":{"minecraft:stone_sword":49,"minecraft:stone_pickaxe":32,"minecraft:oak_planks":1,"paraglider:goddess_statue":2,"minecraft:dirt":9,"minecraft:crafting_table":1,"minecraft:red_bed":2,"tombstone:bag_of_seeds":2,"minecraft:apple":1,"minecraft:bread":18,"exoticbirds:pelican_egg":1,"minecraft:leather_helmet":1,"minecraft:stone_axe":18,"minecraft:cobblestone":1,"minecraft:oak_sapling":2,"minecraft:furnace":2,"minecraft:cooked_porkchop":1,"quark:oak_chest":3},"minecraft:dropped":{"vampirism:item_garlic":1,"alexsmobs:maggot":2,"minecraft:wheat_seeds":5,"minecraft:pitcher_pod":2,"minecraft:rotten_flesh":5,"minecraft:torchflower_seeds":1,"minecraft:rail":4,"exoticbirds:mystery_egg":1,"minecraft:dirt":7,"vampirism:vampire_fang":1,"mysticalagriculture:inferium_essence":1,"minecraft:beetroot_seeds":5},"minecraft:mined":{"minecraft:glass_pane":1,"minecraft:red_bed":2,"quark:oak_chest":1,"minecraft:crafting_table":1,"minecraft:grass_block":4,"minecraft:tall_grass":3,"minecraft:cobblestone":28,"minecraft:oak_planks":1,"vampiresdelight:wild_garlic":1,"minecraft:hay_block":14,"minecraft:furnace":2,"minecraft:grass":11,"minecraft:oak_log":25,"minecraft:dirt":5,"minecraft:oak_leaves":23,"paraglider:goddess_statue":2},"minecraft:crafted":{"minecraft:oak_planks":20,"minecraft:stone_axe":1,"minecraft:bread":42,"minecraft:stick":8,"quark:oak_chest":2,"minecraft:stone_pickaxe":1,"minecraft:stone_sword":1,"minecraft:wheat":126}},"DataVersion":3465}