{"stats":{"minecraft:killed":{"iceandfire:ghost":1,"minecraft:spider":1},"minecraft:picked_up":{"minecraft:crafting_table":1,"integrateddynamics:on_the_dynamics_of_integration":2,"minecraft:oak_log":22,"minecraft:leather_helmet":1,"minecraft:dirt":11,"minecraft:red_bed":2,"minecraft:hay_block":14,"alexsmobs:maggot":2,"minecraft:oak_planks":1,"minecraft:rail":4,"minecraft:cobblestone":31,"minecraft:furnace":1},"minecraft:custom":{"minecraft:time_since_rest":7965,"minecraft:interact_with_furnace":2,"minecraft:sprint_one_cm":69697,"minecraft:damage_taken":621,"minecraft:walk_one_cm":107260,"minecraft:mob_kills":4,"minecraft:drop":4,"minecraft:damage_dealt":550,"minecraft:damage_dealt_absorbed":37,"minecraft:interact_with_crafting_table":5,"minecraft:fly_one_cm":162590,"minecraft:open_chest":4,"minecraft:crouch_one_cm":1990,"minecraft:play_time":28967,"tombstone:undead_killed":1,"minecraft:sneak_time":954,"minecraft:jump":637,"minecraft:damage_dealt_resisted":27,"minecraft:time_since_death":28967,"minecraft:sleep_in_bed":2,"minecraft:total_world_time":28967,"minecraft:fall_one_cm":23236},"minecraft:used":{"minecraft:stone_sword":10,"minecraft:bread":12,"minecraft:stone_pickaxe":29,"minecraft:oak_planks":1,"minecraft:leather_helmet":1,"minecraft:stone_axe":11,"minecraft:dirt":9,"minecraft:red_bed":1},"minecraft:dropped":{"minecraft:dirt":2,"alexsmobs:maggot":2,"minecraft:rail":4,"exoticbirds:mystery_egg":1},"minecraft:mined":{"minecraft:hay_block":14,"minecraft:glass_pane":1,"minecraft:furnace":1,"minecraft:red_bed":2,"minecraft:crafting_table":1,"minecraft:grass":1,"minecraft:oak_log":21,"minecraft:dirt":1,"minecraft:tall_grass":1,"minecraft:cobblestone":28,"minecraft:oak_planks":1},"minecraft:crafted":{"minecraft:oak_planks":12,"minecraft:stick":8,"minecraft:stone_pickaxe":1,"minecraft:stone_sword":1,"minecraft:stone_axe":1,"minecraft:bread":42,"minecraft:wheat":126}},"DataVersion":3465}