{"stats":{"minecraft:picked_up":{"integrateddynamics:on_the_dynamics_of_integration":2,"minecraft:oak_log":22,"minecraft:leather_helmet":1,"minecraft:dirt":9,"minecraft:red_bed":1,"minecraft:hay_block":14,"alexsmobs:maggot":2,"minecraft:rail":4,"minecraft:cobblestone":30},"minecraft:custom":{"minecraft:time_since_rest":16967,"minecraft:interact_with_furnace":2,"minecraft:sprint_one_cm":35707,"minecraft:damage_taken":371,"minecraft:walk_one_cm":71244,"minecraft:mob_kills":2,"minecraft:drop":3,"minecraft:damage_dealt":108,"minecraft:damage_dealt_absorbed":37,"minecraft:interact_with_crafting_table":5,"minecraft:fly_one_cm":55853,"minecraft:open_chest":3,"minecraft:crouch_one_cm":883,"minecraft:play_time":16967,"minecraft:sneak_time":256,"minecraft:jump":280,"minecraft:damage_dealt_resisted":27,"minecraft:time_since_death":16967,"minecraft:total_world_time":16967,"minecraft:fall_one_cm":8425},"minecraft:used":{"minecraft:bread":5,"minecraft:stone_pickaxe":27,"minecraft:leather_helmet":1,"minecraft:stone_axe":9,"minecraft:dirt":9},"minecraft:dropped":{"alexsmobs:maggot":2,"minecraft:rail":4,"exoticbirds:mystery_egg":1},"minecraft:mined":{"minecraft:hay_block":14,"minecraft:red_bed":1,"minecraft:oak_log":21,"minecraft:tall_grass":1,"minecraft:cobblestone":27},"minecraft:crafted":{"minecraft:oak_planks":4,"minecraft:stick":8,"minecraft:stone_pickaxe":1,"minecraft:stone_sword":1,"minecraft:stone_axe":1,"minecraft:bread":42,"minecraft:wheat":126}},"DataVersion":3465}