{"stats":{"minecraft:crafted":{"minecraft:oak_planks":24,"minecraft:stone_pickaxe":2,"minecraft:wheat":126,"minecraft:crafting_table":1,"minecraft:iron_sword":1,"minecraft:stone_axe":1,"minecraft:air":0,"minecraft:bread":42,"minecraft:stick":8,"quark:oak_chest":2,"minecraft:iron_ingot":0,"minecraft:iron_pickaxe":1,"minecraft:stone_sword":1},"minecraft:killed_by":{"iceandfire:lightning_dragon":1},"minecraft:used":{"minecraft:stone_sword":49,"minecraft:iron_sword":50,"minecraft:iron_chestplate":1,"paraglider:goddess_statue":2,"minecraft:dirt":16,"iceandfire:crackled_gravel":3,"exoticbirds:pelican_egg":1,"iceandfire:ghost_chest":1,"minecraft:iron_boots":1,"minecraft:scaffolding":9,"minecraft:oak_sapling":2,"minecraft:furnace":2,"tombstone:gift":1,"minecraft:stone_pickaxe":134,"minecraft:oak_planks":1,"minecraft:oak_slab":10,"minecraft:crafting_table":2,"minecraft:red_bed":2,"quark:acacia_chest":1,"minecraft:cobbled_deepslate_stairs":1,"minecraft:deepslate_brick_stairs":1,"tombstone:bag_of_seeds":2,"minecraft:apple":1,"minecraft:bread":40,"minecraft:iron_pickaxe":30,"minecraft:leather_helmet":1,"minecraft:iron_door":1,"minecraft:stone_axe":46,"minecraft:cobblestone":65,"minecraft:cooked_porkchop":1,"quark:oak_chest":3,"minecraft:experience_bottle":1,"alexsmobs:emu_egg":1},"minecraft:dropped":{"vampirism:item_garlic":1,"minecraft:enchanted_book":1,"minecraft:wheat_seeds":208,"minecraft:pitcher_pod":2,"minecraft:prismarine_crystals":2,"minecraft:cracked_stone_bricks":9,"minecraft:rail":4,"exoticbirds:mystery_egg":1,"minecraft:yellow_carpet":2,"minecraft:stick":4,"minecraft:cobweb":11,"minecraft:dirt":34,"minecraft:diorite":1,"iceandfire:crackled_dirt":5,"minecraft:stone_button":5,"iceandfire:copper_nugget":68,"minecraft:torch":1,"minecraft:iron_door":1,"minecraft:acacia_door":3,"minecraft:string":1,"minecraft:stone_brick_slab":2,"alexsmobs:maggot":2,"minecraft:wheat":1,"tombstone:gift":1,"minecraft:rotten_flesh":7,"iceandfire:crackled_gravel":2,"minecraft:torchflower_seeds":1,"minecraft:acacia_leaves":1,"minecraft:potato":1,"vampirism:vampire_fang":1,"mysticalagriculture:inferium_essence":5,"minecraft:beetroot_seeds":5,"minecraft:acacia_sapling":2,"minecraft:redstone_torch":3,"minecraft:stone_pickaxe":1,"minecraft:stone_brick_stairs":1,"minecraft:acacia_fence":3},"minecraft:picked_up":{"minecraft:crafting_table":2,"minecraft:iron_chestplate":1,"minecraft:wheat":84,"minecraft:enchanted_book":2,"minecraft:stone_brick_stairs":1,"iceandfire:manuscript":4,"paraglider:goddess_statue":2,"minecraft:string":1,"minecraft:red_bed":2,"minecraft:acacia_door":3,"minecraft:experience_bottle":1,"minecraft:cracked_stone_bricks":9,"mysticalagriculture:inferium_essence":21,"minecraft:beef":2,"minecraft:redstone_torch":3,"minecraft:melon_slice":34,"minecraft:iron_boots":1,"minecraft:furnace":2,"minecraft:stick":7,"minecraft:raw_iron":4,"iceandfire:ghost_chest":1,"iceandfire:crackled_dirt":5,"minecraft:acacia_fence":3,"minecraft:torch":1,"minecraft:porkchop":3,"iceandfire:crackled_gravel":5,"minecraft:stone_button":5,"vampirism:vampire_fang":1,"minecraft:diorite":4,"minecraft:prismarine_crystals":2,"iceandfire:silver_ingot":2,"minecraft:rotten_flesh":7,"quark:acacia_chest":1,"minecraft:hay_block":37,"alexsmobs:emu_egg":1,"minecraft:deepslate_brick_stairs":1,"minecraft:skeleton_skull":2,"minecraft:rail":4,"minecraft:cobblestone":118,"minecraft:iron_door":2,"integrateddynamics:on_the_dynamics_of_integration":2,"minecraft:acacia_leaves":1,"minecraft:potato":1,"minecraft:oak_log":26,"iceandfire:ectoplasm":1,"minecraft:cobbled_deepslate_stairs":1,"minecraft:dirt":50,"minecraft:lantern":2,"minecraft:bone":5,"minecraft:apple":1,"minecraft:wheat_seeds":269,"vampirism:item_garlic":1,"minecraft:stone_pickaxe":1,"minecraft:cobweb":11,"tombstone:bag_of_seeds":1,"minecraft:acacia_sapling":2,"minecraft:oak_planks":1,"minecraft:scaffolding":11,"minecraft:oak_slab":10,"iceandfire:copper_nugget":68,"minecraft:cooked_porkchop":1,"minecraft:stone_brick_slab":2,"minecraft:white_bed":1,"quark:oak_chest":1,"minecraft:leather_helmet":1,"minecraft:yellow_carpet":2,"waystones:waystone":1,"minecraft:iron_helmet":1,"exoticbirds:pelican_egg":1,"minecraft:emerald":1,"alexsmobs:maggot":2,"minecraft:oak_sapling":2,"minecraft:coal":1},"minecraft:broken":{"minecraft:leather_helmet":1,"minecraft:stone_pickaxe":1},"minecraft:mined":{"minecraft:white_bed":1,"minecraft:cobbled_deepslate_stairs":1,"minecraft:sea_lantern":1,"iceandfire:crackled_gravel":4,"minecraft:grass_block":6,"quark:acacia_chest":1,"mysticalagriculture:inferium_ore":6,"minecraft:hay_block":37,"minecraft:furnace":2,"minecraft:iron_ore":4,"iceandfire:crackled_dirt":7,"minecraft:vine":1,"minecraft:dirt_path":1,"minecraft:deepslate_brick_stairs":1,"minecraft:stone":81,"minecraft:redstone_wall_torch":3,"minecraft:oak_slab":8,"minecraft:scaffolding":12,"minecraft:glass_pane":1,"minecraft:red_bed":2,"quark:oak_chest":1,"minecraft:crafting_table":2,"minecraft:melon":6,"iceandfire:ghost_chest":1,"minecraft:cobblestone":35,"minecraft:tall_grass":7,"minecraft:oak_planks":1,"endofherobrine:mossy_stone_bricks":9,"minecraft:iron_door":1,"minecraft:diorite":4,"vampiresdelight:wild_garlic":1,"minecraft:skeleton_skull":2,"minecraft:wheat":102,"minecraft:grass":34,"minecraft:oak_log":25,"minecraft:dirt":17,"minecraft:cracked_stone_bricks":12,"minecraft:oak_leaves":25,"paraglider:goddess_statue":2},"minecraft:custom":{"minecraft:mob_kills":29,"minecraft:interact_with_crafting_table":9,"minecraft:open_barrel":1,"minecraft:damage_dealt_resisted":27,"minecraft:leave_game":1,"minecraft:time_since_death":13025,"minecraft:sprint_one_cm":294072,"minecraft:walk_one_cm":359191,"minecraft:drop":68,"minecraft:damage_dealt_absorbed":37,"minecraft:talked_to_villager":2,"minecraft:play_time":108598,"minecraft:deaths":1,"minecraft:sneak_time":4512,"minecraft:walk_under_water_one_cm":9362,"minecraft:jump":2666,"minecraft:walk_on_water_one_cm":41715,"minecraft:total_world_time":108598,"minecraft:interact_with_furnace":8,"minecraft:sleep_in_bed":4,"minecraft:time_since_rest":11892,"minecraft:damage_taken":2116,"minecraft:damage_dealt":3755,"minecraft:swim_one_cm":47705,"minecraft:fly_one_cm":660274,"minecraft:open_chest":25,"minecraft:crouch_one_cm":12554,"tombstone:undead_killed":7,"minecraft:fall_one_cm":83000},"minecraft:killed":{"endofherobrine:silverfish":16,"vampirism:vampire":1,"minecraft:spider":2,"minecraft:drowned":2,"minecraft:zombie":3,"iceandfire:ghost":2,"iceandfire:lightning_dragon":1}},"DataVersion":3465}