{"stats":{"minecraft:picked_up":{"irons_spellbooks:scroll":17,"minecraft:iron_chestplate":9,"minecraft:wheat":43,"minecraft:redstone_block":27,"minecraft:suspicious_stew":6,"alexscaves:cave_tablet":7,"minecraft:oak_stairs":3,"minecraft:brown_bed":2,"minecraft:potion":74,"minecraft:enchanted_book":108,"minecraft:stone_brick_stairs":3,"minecraft:brewing_stand":11,"iceandfire:manuscript":76,"minecraft:music_disc_cat":5,"minecraft:string":810,"minecraft:cooked_salmon":43,"minecraft:iron_leggings":5,"minecraft:experience_bottle":13,"minecraft:zombie_head":6,"minecraft:beetroot":15,"irons_spellbooks:arcane_essence":82,"mysticalagriculture:inferium_essence":79,"comforts:sleeping_bag_white":7,"iceandfire:myrmex_desert_resin":4,"minecraft:iron_pickaxe":6,"minecraft:enchanted_golden_apple":1,"minecraft:melon_slice":1245,"minecraft:tipped_arrow":3,"minecraft:golden_helmet":6,"minecraft:stick":166,"iceandfire:ghost_chest":3,"minecraft:jukebox":1,"iceandfire:armor_copper_metal_leggings":6,"minecraft:torch":401,"minecraft:acacia_log":22,"tombstone:grave_dust":4,"vampirism:vampire_fang":33,"vampirism:amulet":12,"minecraft:cauldron":6,"vampirism:blood_bottle":1,"minecraft:rotten_flesh":136,"minecraft:iron_block":2,"iceandfire:myrmex_desert_chitin":6,"farmersdelight:rope":88,"supplementaries:ash":2,"minecraft:iron_bars":49,"minecraft:cobblestone":153,"minecraft:enchanting_table":18,"vampirism:vampire_book":13,"minecraft:leather_chestplate":1,"minecraft:feather":40,"minecraft:cooked_beef":24,"minecraft:iron_door":5,"minecraft:andesite":15,"minecraft:jungle_log":9,"minecraft:dark_oak_boat":6,"minecraft:brown_wool":18,"minecraft:golden_leggings":2,"minecraft:jungle_wood":13,"minecraft:potato":312,"minecraft:tuff":1,"minecraft:lapis_lazuli":157,"minecraft:dirt":9,"minecraft:cut_sandstone_slab":4,"minecraft:name_tag":25,"minecraft:leather_boots":1,"minecraft:bone":277,"minecraft:acacia_planks":24,"minecraft:bow":12,"minecraft:wheat_seeds":41,"vampirism:altar_pillar":2,"vampirism:item_garlic":4,"minecraft:mossy_stone_bricks":21,"minecraft:bamboo":1,"minecraft:mossy_stone_brick_stairs":8,"irons_spellbooks:frozen_bone":56,"minecraft:music_disc_13":10,"vampirism:ring":12,"vampiresdelight:hardtack":6,"iceandfire:dragon_skull_fire":4,"minecraft:sand":9,"minecraft:jungle_planks":48,"minecraft:dark_oak_log":3,"minecraft:chiseled_sandstone":15,"minecraft:mossy_cobblestone":18,"minecraft:bundle":7,"minecraft:diamond":6,"minecraft:crossbow":26,"minecraft:granite":149,"minecraft:golden_apple":47,"minecraft:chainmail_helmet":1,"minecraft:golden_horse_armor":13,"minecraft:emerald":119,"minecraft:dark_oak_fence":39,"minecraft:diamond_pickaxe":1,"minecraft:cocoa_beans":45,"minecraft:crafting_table":4,"minecraft:sandstone_slab":2,"minecraft:gold_block":5,"minecraft:diamond_horse_armor":10,"quark:dark_oak_chest":7,"minecraft:shield":9,"minecraft:iron_axe":3,"minecraft:quartz_slab":1,"minecraft:compass":3,"minecraft:iron_shovel":11,"graveyard:corruption":6,"iceandfire:graveyard_soil":24,"minecraft:cracked_stone_bricks":2,"minecraft:beef":45,"minecraft:poppy":2,"graveyard:leaning_skeleton":3,"minecraft:light_gray_wool":2,"minecraft:minecart":16,"minecraft:sugar_cane":14,"minecraft:chest":1,"minecraft:phantom_membrane":8,"minecraft:raw_iron":29,"minecraft:sandstone":64,"iceandfire:dragonbone":55,"minecraft:copper_ingot":94,"graveyard:skull_with_rib_cage":6,"quark:jungle_chest":7,"sophisticatedbackpacks:backpack":13,"minecraft:carrot":236,"minecraft:redstone":147,"minecraft:iron_horse_armor":4,"minecraft:dark_oak_planks":21,"minecraft:smooth_sandstone_slab":15,"minecraft:tnt":4,"iceandfire:silver_ingot":4,"minecraft:arrow":680,"minecraft:beetroot_seeds":75,"minecraft:nether_bricks":13,"quark:acacia_chest":3,"minecraft:diamond_boots":3,"minecraft:hay_block":12,"minecraft:sandstone_stairs":1,"minecraft:saddle":16,"minecraft:gold_ingot":241,"paraglider:horned_statue":1,"minecraft:mutton":6,"minecraft:skeleton_skull":2,"minecraft:white_wool":9,"minecraft:clock":19,"integrateddynamics:on_the_dynamics_of_integration":1,"minecraft:cut_sandstone":62,"minecraft:leather":124,"alexsmobs:acacia_blossom":1,"minecraft:filled_map":4,"minecraft:oak_log":37,"minecraft:chainmail_chestplate":2,"iceandfire:ectoplasm":12,"minecraft:golden_boots":6,"minecraft:cobblestone_wall":2,"minecraft:gunpowder":200,"minecraft:paper":192,"minecraft:white_banner":5,"tombstone:gift":1,"irons_spellbooks:common_ink":6,"vampirism:human_heart":2,"minecraft:apple":12,"minecraft:stone_bricks":242,"minecraft:iron_ingot":365,"minecraft:cobweb":185,"tombstone:bag_of_seeds":1,"minecraft:iron_sword":3,"minecraft:book":1426,"minecraft:oak_slab":1,"minecraft:dark_oak_slab":1,"minecraft:chiseled_stone_bricks":7,"minecraft:gravel":1,"minecraft:amethyst_shard":27,"minecraft:spider_eye":4,"minecraft:leather_helmet":1,"minecraft:slime_ball":104,"minecraft:polished_diorite":5,"minecraft:chainmail_leggings":1,"minecraft:iron_helmet":5,"minecraft:mossy_cobblestone_stairs":2,"minecraft:baked_potato":15,"tombstone:magic_scroll":8,"minecraft:black_wool":7,"minecraft:stripped_dark_oak_log":2,"minecraft:coal":209,"minecraft:ender_pearl":16},"minecraft:mined":{"minecraft:dark_oak_planks":17,"minecraft:cut_sandstone_slab":3,"minecraft:jungle_leaves":3,"minecraft:brewing_stand":1,"minecraft:granite":40,"minecraft:acacia_log":9,"minecraft:grass_block":7,"minecraft:brown_wool":18,"minecraft:jungle_log":9,"minecraft:deepslate_bricks":1,"minecraft:polished_diorite":4,"minecraft:chiseled_stone_bricks":3,"minecraft:mossy_cobblestone_stairs":2,"minecraft:iron_ore":9,"minecraft:brown_bed":2,"minecraft:enchanting_table":2,"minecraft:iron_bars":23,"minecraft:water_cauldron":1,"minecraft:quartz_slab":1,"minecraft:oak_stairs":3,"minecraft:iron_block":2,"minecraft:tripwire":1,"minecraft:cut_sandstone":27,"minecraft:sandstone_slab":1,"minecraft:torch":15,"minecraft:melon":53,"iceandfire:ghost_chest":3,"minecraft:chest":1,"minecraft:cobblestone":35,"minecraft:sugar_cane":1,"minecraft:smooth_sandstone_slab":4,"minecraft:iron_door":4,"minecraft:wall_torch":13,"minecraft:dark_oak_slab":1,"minecraft:jungle_wood":13,"paraglider:horned_statue":1,"vampirism:dark_spruce_leaves":1,"minecraft:jukebox":1,"minecraft:light_gray_wool":1,"minecraft:tnt":1,"minecraft:stone_brick_stairs":5,"minecraft:grass":7,"minecraft:oak_log":37,"minecraft:sand":18,"minecraft:dirt":2,"minecraft:oak_leaves":13,"minecraft:tuff":1,"minecraft:mossy_cobblestone":19,"farmersdelight:wild_carrots":10,"minecraft:dark_oak_log":3,"vampirism:altar_pillar":1,"minecraft:dark_oak_fence":15,"minecraft:nether_bricks":4,"quark:jungle_chest":5,"quark:acacia_chest":3,"minecraft:sandstone":57,"minecraft:hay_block":12,"minecraft:chiseled_sandstone":7,"minecraft:andesite":15,"minecraft:gold_block":5,"minecraft:bookshelf":72,"minecraft:vine":21,"minecraft:bamboo":2,"minecraft:stone":104,"sophisticatedbackpacks:backpack":1,"minecraft:acacia_leaves":4,"minecraft:redstone_block":7,"minecraft:glass_pane":2,"quark:dark_oak_chest":4,"minecraft:stripped_dark_oak_log":2,"minecraft:polished_granite":5,"minecraft:crafting_table":4,"minecraft:cobblestone_wall":2,"minecraft:black_wool":7,"minecraft:coal_ore":26,"minecraft:zombie_head":1,"minecraft:dripstone_block":3,"minecraft:cobweb":64,"minecraft:cracked_stone_bricks":6,"minecraft:acacia_planks":12,"minecraft:stone_bricks":23,"minecraft:mossy_stone_bricks":10,"minecraft:fern":1},"minecraft:killed":{"vampirism:vampire":1,"minecraft:cave_spider":3,"graveyard:skeleton_creeper":1,"vampirism:advanced_vampire":1,"minecraft:spider":12,"minecraft:skeleton":31,"minecraft:silverfish":2,"irons_spellbooks:summoned_skeleton":1,"iceandfire:myrmex_worker":1,"irons_spellbooks:necromancer":2,"minecraft:creeper":4,"vampirism:hunter":1,"minecraft:sheep":4,"minecraft:pillager":33,"minecraft:zombie":5,"minecraft:stray":7,"minecraft:cow":8,"irons_spellbooks:summoned_zombie":5,"graveyard:nightmare":1,"minecraft:vindicator":6,"minecraft:slime":17,"minecraft:horse":3,"minecraft:husk":1,"iceandfire:myrmex_soldier":1,"iceandfire:ghost":4,"minecraft:enderman":1},"minecraft:used":{"minecraft:shield":12,"minecraft:iron_sword":575,"minecraft:rotten_flesh":3,"minecraft:iron_chestplate":1,"minecraft:carrot":2,"minecraft:quartz_slab":1,"minecraft:dark_oak_slab":1,"minecraft:stone_brick_stairs":2,"minecraft:stone_bricks":25,"minecraft:dark_oak_boat":2,"minecraft:gold_block":3,"minecraft:mossy_stone_bricks":4,"minecraft:stone_pickaxe":56,"minecraft:wooden_pickaxe":48,"minecraft:sandstone":81,"minecraft:redstone_block":2,"minecraft:white_wool":6,"minecraft:sand":5,"sophisticatedbackpacks:backpack":5,"minecraft:chiseled_sandstone":7,"minecraft:dark_oak_log":1,"minecraft:melon_slice":59,"minecraft:string":1,"minecraft:bread":90,"vampirism:altar_pillar":1,"vampiresdelight:hardtack":2,"minecraft:diamond_sword":140,"minecraft:dark_oak_fence":6,"minecraft:oak_boat":1,"minecraft:iron_bars":8,"quark:jungle_chest":11,"minecraft:torch":218,"minecraft:dirt":9,"minecraft:cobblestone_wall":1,"minecraft:granite":11,"minecraft:polished_diorite":5,"paraglider:horned_statue":1,"minecraft:mossy_cobblestone_stairs":2,"minecraft:dark_oak_planks":14,"minecraft:iron_block":2,"minecraft:iron_axe":132,"minecraft:oak_stairs":15,"tombstone:gift":6,"comforts:sleeping_bag_white":2,"minecraft:acacia_planks":12,"minecraft:brown_bed":3,"minecraft:sandstone_stairs":1,"minecraft:cut_sandstone":58,"minecraft:mossy_cobblestone":13,"minecraft:crafting_table":12,"quark:acacia_chest":3,"minecraft:white_bed":1,"minecraft:book":2,"tombstone:bag_of_seeds":2,"minecraft:iron_pickaxe":377,"minecraft:stone_axe":122,"minecraft:chiseled_stone_bricks":2,"quark:dark_oak_chest":7,"minecraft:cobblestone":88,"minecraft:white_banner":1,"minecraft:sandstone_slab":1,"quark:oak_chest":1},"minecraft:custom":{"minecraft:interact_with_crafting_table":53,"minecraft:open_barrel":15,"minecraft:leave_game":16,"minecraft:time_since_death":157531,"minecraft:sprint_one_cm":950407,"minecraft:damage_blocked_by_shield":321,"minecraft:drop":778,"minecraft:play_time":321273,"minecraft:deaths":6,"minecraft:jump":4872,"minecraft:interact_with_brewingstand":2,"minecraft:walk_on_water_one_cm":58052,"minecraft:interact_with_furnace":6,"minecraft:interact_with_loom":3,"minecraft:sleep_in_bed":14,"minecraft:damage_dealt":31334,"minecraft:crouch_one_cm":62989,"tombstone:undead_killed":57,"minecraft:interact_with_smoker":1,"minecraft:inspect_dispenser":1,"minecraft:inspect_dropper":2,"minecraft:mob_kills":162,"minecraft:damage_dealt_resisted":443,"minecraft:climb_one_cm":17920,"minecraft:walk_one_cm":776379,"minecraft:damage_dealt_absorbed":40,"minecraft:sneak_time":22887,"minecraft:walk_under_water_one_cm":43387,"minecraft:boat_one_cm":363735,"minecraft:interact_with_lectern":2,"minecraft:total_world_time":321446,"tombstone:raider_killed":39,"minecraft:time_since_rest":14487,"minecraft:damage_taken":6354,"minecraft:swim_one_cm":79450,"minecraft:fly_one_cm":913969,"minecraft:open_chest":440,"minecraft:fall_one_cm":94365},"minecraft:broken":{"minecraft:stone_axe":1,"minecraft:iron_sword":1,"minecraft:leather_boots":1,"minecraft:iron_helmet":1},"minecraft:killed_by":{"minecraft:vindicator":1,"iceandfire:fire_dragon":1,"irons_spellbooks:necromancer":1,"iceandfire:lightning_dragon":1,"irons_spellbooks:archevoker":1},"minecraft:crafted":{"minecraft:oak_planks":148,"minecraft:dark_oak_boat":1,"craftable_elytra_remastered:elytra_side":1,"sophisticatedbackpacks:backpack":2,"minecraft:emerald":9,"minecraft:crafting_table":8,"minecraft:wooden_pickaxe":1,"minecraft:brown_bed":1,"minecraft:iron_chestplate":1,"minecraft:shield":1,"minecraft:stick":84,"quark:oak_chest":2,"minecraft:iron_ingot":18,"minecraft:iron_pickaxe":2,"minecraft:gold_ingot":45,"comforts:sleeping_bag_white":1,"quark:jungle_chest":6,"quark:dark_oak_chest":3,"quark:acacia_chest":1,"minecraft:iron_axe":2,"minecraft:stone_pickaxe":2,"minecraft:dark_oak_planks":36,"minecraft:wheat":108,"minecraft:iron_sword":4,"minecraft:stone_axe":1,"minecraft:bread":36,"minecraft:jungle_planks":88,"minecraft:oak_boat":1,"minecraft:oak_stairs":12,"minecraft:white_bed":1,"minecraft:acacia_planks":36,"minecraft:torch":184},"minecraft:dropped":{"minecraft:iron_sword":1,"minecraft:lapis_lazuli":104,"minecraft:cooked_beef":21,"vampirism:human_heart":1,"minecraft:baked_potato":12,"minecraft:diamond":3,"minecraft:ender_pearl":8,"minecraft:sandstone_slab":1,"minecraft:crossbow":18,"minecraft:leather":90,"iceandfire:ectoplasm":6,"minecraft:mossy_stone_brick_stairs":6,"minecraft:iron_horse_armor":3,"minecraft:saddle":11,"minecraft:cut_sandstone_slab":1,"graveyard:corruption":4,"minecraft:leather_helmet":1,"iceandfire:graveyard_soil":14,"minecraft:music_disc_13":7,"minecraft:emerald":75,"graveyard:leaning_skeleton":1,"vampiresdelight:hardtack":3,"minecraft:dark_oak_fence":18,"iceandfire:myrmex_desert_chitin":3,"minecraft:cut_sandstone":27,"irons_spellbooks:arcane_essence":60,"minecraft:amethyst_shard":9,"minecraft:phantom_membrane":4,"minecraft:sand":4,"minecraft:iron_pickaxe":5,"minecraft:dark_oak_planks":2,"minecraft:dark_oak_boat":3,"minecraft:cauldron":4,"minecraft:gold_ingot":195,"minecraft:bone":182,"minecraft:compass":2,"quark:jungle_chest":2,"minecraft:sugar_cane":6,"graveyard:skull_with_rib_cage":2,"alexscaves:cave_tablet":7,"minecraft:wheat":35,"minecraft:beetroot":15,"minecraft:rotten_flesh":103,"minecraft:enchanted_golden_apple":1,"vampirism:blood_bottle":1,"minecraft:carrot":146,"minecraft:chainmail_chestplate":1,"minecraft:chiseled_stone_bricks":2,"minecraft:poppy":2,"minecraft:leather_chestplate":1,"supplementaries:ash":2,"minecraft:tipped_arrow":3,"iceandfire:ghost_chest":2,"minecraft:skeleton_skull":1,"minecraft:gunpowder":123,"mysticalagriculture:inferium_essence":49,"minecraft:leather_boots":1,"farmersdelight:rope":66,"comforts:sleeping_bag_white":3,"minecraft:iron_bars":27,"minecraft:arrow":437,"minecraft:beef":15,"iceandfire:armor_copper_metal_leggings":5,"minecraft:enchanting_table":12,"iceandfire:manuscript":42,"vampirism:item_garlic":2,"minecraft:iron_ingot":286,"minecraft:enchanted_book":96,"minecraft:golden_boots":2,"minecraft:wheat_seeds":1,"minecraft:clock":15,"minecraft:golden_helmet":4,"minecraft:tnt":2,"minecraft:minecart":12,"minecraft:golden_horse_armor":10,"vampirism:vampire_book":9,"minecraft:iron_helmet":2,"minecraft:feather":35,"minecraft:cobblestone":33,"minecraft:book":1068,"minecraft:apple":4,"minecraft:granite":96,"minecraft:copper_ingot":68,"minecraft:acacia_log":7,"minecraft:chainmail_helmet":1,"vampirism:amulet":8,"minecraft:coal":144,"minecraft:golden_apple":33,"minecraft:stick":130,"irons_spellbooks:scroll":11,"minecraft:cobweb":154,"minecraft:diamond_horse_armor":8,"minecraft:brewing_stand":8,"tombstone:magic_scroll":4,"minecraft:torch":386,"minecraft:melon_slice":584,"minecraft:cooked_salmon":23,"minecraft:iron_door":3,"minecraft:zombie_head":4,"tombstone:grave_dust":2,"minecraft:potion":53,"minecraft:iron_leggings":4,"irons_spellbooks:common_ink":6,"minecraft:smooth_sandstone_slab":9,"minecraft:white_banner":1,"minecraft:iron_axe":3,"vampirism:ring":10,"minecraft:chainmail_leggings":1,"minecraft:iron_shovel":7,"minecraft:paper":111,"minecraft:string":620,"irons_spellbooks:frozen_bone":36,"minecraft:acacia_planks":6,"minecraft:music_disc_cat":4,"iceandfire:dragon_skull_fire":2,"minecraft:redstone_block":15,"minecraft:chiseled_sandstone":4,"minecraft:redstone":126,"iceandfire:dragonbone":33,"minecraft:cocoa_beans":27,"iceandfire:myrmex_desert_resin":1,"minecraft:raw_iron":10,"quark:dark_oak_chest":3,"minecraft:experience_bottle":9,"minecraft:chicken":1,"sophisticatedbackpacks:backpack":8,"minecraft:name_tag":20,"minecraft:nether_bricks":9,"minecraft:suspicious_stew":4,"minecraft:filled_map":3,"minecraft:potato":199,"minecraft:shield":7,"minecraft:bundle":4,"minecraft:diamond_pickaxe":1,"minecraft:iron_chestplate":6,"minecraft:andesite":15,"minecraft:mossy_stone_bricks":9,"iceandfire:silver_ingot":2,"minecraft:golden_leggings":2,"minecraft:spider_eye":1,"minecraft:stone_bricks":183,"minecraft:bamboo":1,"minecraft:diamond_boots":2,"minecraft:slime_ball":65,"minecraft:bow":6,"minecraft:wooden_pickaxe":1}},"DataVersion":3465}