{"stats":{"minecraft:broken":{"minecraft:stone_axe":1,"minecraft:iron_sword":1,"minecraft:leather_boots":1,"minecraft:iron_helmet":1},"minecraft:dropped":{"minecraft:iron_sword":1,"minecraft:sandstone_slab":1,"minecraft:crossbow":6,"minecraft:saddle":1,"iceandfire:graveyard_soil":4,"minecraft:emerald":9,"minecraft:dark_oak_fence":6,"minecraft:cut_sandstone":3,"irons_spellbooks:arcane_essence":4,"minecraft:sand":4,"minecraft:iron_pickaxe":3,"minecraft:dark_oak_planks":1,"minecraft:gold_ingot":3,"minecraft:bone":2,"minecraft:sugar_cane":2,"minecraft:wheat":11,"minecraft:beetroot":15,"minecraft:rotten_flesh":9,"minecraft:carrot":5,"minecraft:poppy":2,"supplementaries:ash":2,"iceandfire:ghost_chest":2,"minecraft:leather_boots":1,"minecraft:iron_bars":2,"minecraft:arrow":68,"iceandfire:manuscript":6,"minecraft:enchanted_book":2,"minecraft:wheat_seeds":1,"minecraft:cobblestone":24,"minecraft:book":21,"minecraft:acacia_log":7,"minecraft:golden_apple":1,"minecraft:stick":4,"minecraft:melon_slice":128,"minecraft:iron_door":2,"tombstone:grave_dust":2,"minecraft:smooth_sandstone_slab":3,"minecraft:white_banner":1,"minecraft:iron_axe":2,"vampirism:ring":1,"minecraft:chainmail_leggings":1,"iceandfire:myrmex_desert_resin":1,"minecraft:experience_bottle":1,"minecraft:chicken":1,"minecraft:potato":4,"minecraft:andesite":15,"iceandfire:silver_ingot":1,"minecraft:bamboo":1,"minecraft:wooden_pickaxe":1},"minecraft:crafted":{"minecraft:oak_planks":148,"minecraft:dark_oak_boat":1,"craftable_elytra_remastered:elytra_side":1,"sophisticatedbackpacks:backpack":2,"minecraft:emerald":9,"minecraft:crafting_table":8,"minecraft:wooden_pickaxe":1,"minecraft:brown_bed":1,"minecraft:iron_chestplate":1,"minecraft:shield":1,"minecraft:stick":84,"quark:oak_chest":2,"minecraft:iron_ingot":18,"minecraft:iron_pickaxe":2,"minecraft:gold_ingot":45,"comforts:sleeping_bag_white":1,"quark:jungle_chest":5,"quark:dark_oak_chest":3,"quark:acacia_chest":1,"minecraft:iron_axe":2,"minecraft:stone_pickaxe":2,"minecraft:dark_oak_planks":36,"minecraft:wheat":108,"minecraft:iron_sword":4,"minecraft:stone_axe":1,"minecraft:bread":36,"minecraft:jungle_planks":88,"minecraft:oak_boat":1,"minecraft:oak_stairs":12,"minecraft:white_bed":1,"minecraft:acacia_planks":36,"minecraft:torch":104},"minecraft:killed_by":{"minecraft:vindicator":1,"iceandfire:fire_dragon":1,"irons_spellbooks:necromancer":1,"iceandfire:lightning_dragon":1,"irons_spellbooks:archevoker":1},"minecraft:used":{"minecraft:shield":12,"minecraft:iron_sword":575,"minecraft:rotten_flesh":3,"minecraft:iron_chestplate":1,"minecraft:carrot":2,"minecraft:quartz_slab":1,"minecraft:dark_oak_slab":1,"minecraft:stone_brick_stairs":2,"minecraft:stone_bricks":25,"minecraft:dark_oak_boat":2,"minecraft:gold_block":3,"minecraft:mossy_stone_bricks":4,"minecraft:stone_pickaxe":56,"minecraft:wooden_pickaxe":48,"minecraft:sandstone":81,"minecraft:sand":5,"sophisticatedbackpacks:backpack":2,"minecraft:chiseled_sandstone":7,"minecraft:dark_oak_log":1,"minecraft:melon_slice":59,"minecraft:string":1,"minecraft:bread":81,"vampirism:altar_pillar":1,"vampiresdelight:hardtack":2,"minecraft:diamond_sword":95,"minecraft:dark_oak_fence":6,"minecraft:oak_boat":1,"minecraft:iron_bars":5,"quark:jungle_chest":5,"minecraft:torch":190,"minecraft:dirt":9,"minecraft:cobblestone_wall":1,"minecraft:polished_diorite":5,"minecraft:mossy_cobblestone_stairs":1,"paraglider:horned_statue":1,"minecraft:dark_oak_planks":14,"minecraft:iron_block":2,"minecraft:iron_axe":132,"minecraft:oak_stairs":15,"tombstone:gift":4,"comforts:sleeping_bag_white":2,"minecraft:acacia_planks":12,"minecraft:brown_bed":3,"minecraft:sandstone_stairs":1,"minecraft:cut_sandstone":58,"minecraft:mossy_cobblestone":9,"minecraft:crafting_table":12,"quark:acacia_chest":1,"minecraft:white_bed":1,"minecraft:book":2,"tombstone:bag_of_seeds":2,"minecraft:iron_pickaxe":295,"minecraft:stone_axe":122,"minecraft:chiseled_stone_bricks":2,"quark:dark_oak_chest":3,"minecraft:cobblestone":76,"minecraft:white_banner":1,"minecraft:sandstone_slab":1,"quark:oak_chest":1},"minecraft:custom":{"minecraft:interact_with_crafting_table":52,"minecraft:open_barrel":14,"minecraft:leave_game":15,"minecraft:time_since_death":121033,"minecraft:sprint_one_cm":818767,"minecraft:damage_blocked_by_shield":321,"minecraft:drop":73,"minecraft:play_time":284775,"minecraft:deaths":6,"minecraft:jump":4581,"minecraft:interact_with_brewingstand":1,"minecraft:walk_on_water_one_cm":54459,"minecraft:interact_with_furnace":6,"minecraft:interact_with_loom":3,"minecraft:sleep_in_bed":13,"minecraft:damage_dealt":29453,"minecraft:crouch_one_cm":57994,"tombstone:undead_killed":55,"minecraft:interact_with_smoker":1,"minecraft:inspect_dispenser":1,"minecraft:inspect_dropper":2,"minecraft:mob_kills":136,"minecraft:damage_dealt_resisted":429,"minecraft:climb_one_cm":15174,"minecraft:walk_one_cm":716103,"minecraft:damage_dealt_absorbed":40,"minecraft:sneak_time":20632,"minecraft:walk_under_water_one_cm":42927,"minecraft:boat_one_cm":363735,"minecraft:interact_with_lectern":2,"minecraft:total_world_time":284948,"tombstone:raider_killed":39,"minecraft:time_since_rest":29769,"minecraft:damage_taken":6098,"minecraft:swim_one_cm":79450,"minecraft:fly_one_cm":891198,"minecraft:open_chest":336,"minecraft:fall_one_cm":91318},"minecraft:killed":{"minecraft:cave_spider":3,"graveyard:skeleton_creeper":1,"minecraft:spider":8,"minecraft:skeleton":31,"minecraft:silverfish":1,"irons_spellbooks:summoned_skeleton":1,"iceandfire:myrmex_worker":1,"irons_spellbooks:necromancer":2,"minecraft:creeper":4,"vampirism:hunter":1,"minecraft:sheep":4,"minecraft:pillager":33,"minecraft:zombie":5,"minecraft:stray":5,"minecraft:cow":8,"irons_spellbooks:summoned_zombie":5,"graveyard:nightmare":1,"minecraft:vindicator":6,"minecraft:horse":3,"minecraft:husk":1,"iceandfire:myrmex_soldier":1,"iceandfire:ghost":4,"minecraft:enderman":1},"minecraft:mined":{"minecraft:dark_oak_planks":17,"minecraft:cut_sandstone_slab":3,"minecraft:jungle_leaves":3,"minecraft:brewing_stand":1,"minecraft:granite":8,"minecraft:acacia_log":9,"minecraft:grass_block":7,"minecraft:brown_wool":18,"minecraft:jungle_log":9,"minecraft:deepslate_bricks":1,"minecraft:polished_diorite":4,"minecraft:chiseled_stone_bricks":2,"minecraft:mossy_cobblestone_stairs":2,"minecraft:iron_ore":9,"minecraft:enchanting_table":2,"minecraft:brown_bed":2,"minecraft:water_cauldron":1,"minecraft:oak_stairs":3,"minecraft:quartz_slab":1,"minecraft:iron_bars":18,"minecraft:iron_block":2,"minecraft:tripwire":1,"minecraft:sandstone_slab":1,"minecraft:cut_sandstone":27,"minecraft:torch":13,"minecraft:melon":53,"iceandfire:ghost_chest":3,"minecraft:chest":1,"minecraft:cobblestone":34,"minecraft:sugar_cane":1,"minecraft:iron_door":4,"minecraft:smooth_sandstone_slab":4,"minecraft:wall_torch":11,"minecraft:jungle_wood":13,"minecraft:dark_oak_slab":1,"paraglider:horned_statue":1,"vampirism:dark_spruce_leaves":1,"minecraft:jukebox":1,"minecraft:light_gray_wool":1,"minecraft:tnt":1,"minecraft:stone_brick_stairs":5,"minecraft:grass":7,"minecraft:oak_log":37,"minecraft:sand":18,"minecraft:dirt":2,"minecraft:oak_leaves":13,"minecraft:tuff":1,"minecraft:mossy_cobblestone":17,"farmersdelight:wild_carrots":10,"minecraft:dark_oak_log":3,"vampirism:altar_pillar":1,"minecraft:dark_oak_fence":15,"minecraft:sandstone":57,"minecraft:hay_block":12,"minecraft:chiseled_sandstone":7,"minecraft:andesite":15,"minecraft:gold_block":5,"minecraft:bookshelf":72,"minecraft:vine":17,"minecraft:bamboo":2,"minecraft:stone":93,"sophisticatedbackpacks:backpack":1,"minecraft:acacia_leaves":4,"minecraft:glass_pane":2,"minecraft:stripped_dark_oak_log":2,"minecraft:polished_granite":5,"minecraft:crafting_table":4,"minecraft:cobblestone_wall":2,"minecraft:black_wool":7,"minecraft:coal_ore":26,"minecraft:zombie_head":1,"minecraft:dripstone_block":3,"minecraft:cobweb":64,"minecraft:cracked_stone_bricks":2,"minecraft:acacia_planks":12,"minecraft:stone_bricks":17,"minecraft:mossy_stone_bricks":6,"minecraft:fern":1},"minecraft:picked_up":{"irons_spellbooks:scroll":2,"minecraft:iron_chestplate":1,"minecraft:wheat":11,"minecraft:oak_stairs":3,"minecraft:brown_bed":2,"minecraft:enchanted_book":3,"minecraft:stone_brick_stairs":3,"minecraft:brewing_stand":1,"iceandfire:manuscript":34,"minecraft:string":73,"minecraft:cooked_salmon":20,"minecraft:zombie_head":1,"minecraft:experience_bottle":3,"minecraft:beetroot":15,"irons_spellbooks:arcane_essence":12,"mysticalagriculture:inferium_essence":28,"comforts:sleeping_bag_white":3,"iceandfire:myrmex_desert_resin":2,"minecraft:iron_pickaxe":3,"minecraft:melon_slice":542,"minecraft:tipped_arrow":1,"minecraft:stick":4,"iceandfire:ghost_chest":3,"minecraft:jukebox":1,"minecraft:torch":31,"minecraft:acacia_log":22,"tombstone:grave_dust":4,"minecraft:cauldron":1,"minecraft:rotten_flesh":32,"minecraft:iron_block":2,"iceandfire:myrmex_desert_chitin":3,"supplementaries:ash":2,"minecraft:iron_bars":18,"minecraft:cobblestone":125,"minecraft:enchanting_table":2,"minecraft:iron_door":5,"minecraft:andesite":15,"minecraft:jungle_log":9,"minecraft:golden_leggings":1,"minecraft:brown_wool":18,"minecraft:dark_oak_boat":2,"minecraft:jungle_wood":13,"minecraft:potato":39,"minecraft:tuff":1,"minecraft:lapis_lazuli":9,"minecraft:cut_sandstone_slab":1,"minecraft:dirt":9,"minecraft:leather_boots":1,"minecraft:bone":53,"minecraft:acacia_planks":12,"minecraft:bow":3,"minecraft:wheat_seeds":15,"vampirism:altar_pillar":2,"vampirism:item_garlic":2,"minecraft:mossy_stone_bricks":5,"minecraft:bamboo":1,"irons_spellbooks:frozen_bone":5,"vampirism:ring":1,"iceandfire:dragon_skull_fire":1,"vampiresdelight:hardtack":3,"minecraft:sand":9,"minecraft:chiseled_sandstone":8,"minecraft:dark_oak_log":3,"minecraft:mossy_cobblestone":16,"minecraft:bundle":1,"minecraft:diamond":2,"minecraft:crossbow":9,"minecraft:granite":4,"minecraft:golden_apple":1,"minecraft:chainmail_helmet":1,"minecraft:emerald":31,"minecraft:dark_oak_fence":21,"minecraft:cocoa_beans":9,"minecraft:crafting_table":4,"minecraft:sandstone_slab":2,"minecraft:gold_block":5,"minecraft:iron_axe":2,"minecraft:quartz_slab":1,"graveyard:corruption":2,"iceandfire:graveyard_soil":12,"minecraft:beef":30,"minecraft:poppy":2,"minecraft:light_gray_wool":2,"minecraft:chest":1,"minecraft:sugar_cane":4,"minecraft:raw_iron":19,"minecraft:sandstone":64,"iceandfire:dragonbone":11,"minecraft:copper_ingot":4,"sophisticatedbackpacks:backpack":2,"minecraft:carrot":48,"minecraft:dark_oak_planks":19,"minecraft:smooth_sandstone_slab":6,"minecraft:tnt":1,"iceandfire:silver_ingot":2,"minecraft:arrow":158,"minecraft:beetroot_seeds":25,"minecraft:sandstone_stairs":1,"minecraft:hay_block":12,"minecraft:saddle":2,"minecraft:gold_ingot":6,"paraglider:horned_statue":1,"minecraft:mutton":6,"minecraft:skeleton_skull":1,"minecraft:white_wool":3,"integrateddynamics:on_the_dynamics_of_integration":1,"minecraft:cut_sandstone":32,"minecraft:leather":22,"alexsmobs:acacia_blossom":1,"minecraft:oak_log":37,"minecraft:chainmail_chestplate":2,"iceandfire:ectoplasm":9,"minecraft:gunpowder":25,"minecraft:cobblestone_wall":2,"minecraft:paper":9,"minecraft:white_banner":3,"tombstone:gift":1,"irons_spellbooks:common_ink":3,"vampirism:human_heart":1,"minecraft:stone_bricks":13,"minecraft:iron_ingot":52,"minecraft:cobweb":9,"tombstone:bag_of_seeds":1,"minecraft:iron_sword":1,"minecraft:book":253,"minecraft:oak_slab":1,"minecraft:dark_oak_slab":1,"minecraft:chiseled_stone_bricks":2,"minecraft:gravel":1,"minecraft:spider_eye":3,"minecraft:leather_helmet":1,"minecraft:polished_diorite":5,"minecraft:chainmail_leggings":1,"minecraft:iron_helmet":1,"minecraft:mossy_cobblestone_stairs":2,"tombstone:magic_scroll":4,"minecraft:black_wool":7,"minecraft:stripped_dark_oak_log":2,"minecraft:coal":41,"minecraft:ender_pearl":1}},"DataVersion":3465}