{"stats":{"minecraft:picked_up":{"irons_spellbooks:scroll":31,"minecraft:iron_chestplate":12,"minecraft:wheat":59,"minecraft:redstone_block":32,"minecraft:suspicious_stew":8,"alexscaves:cave_tablet":14,"minecraft:oak_stairs":3,"minecraft:brown_bed":2,"minecraft:potion":119,"minecraft:enchanted_book":108,"minecraft:stone_brick_stairs":3,"minecraft:brewing_stand":15,"iceandfire:manuscript":132,"minecraft:music_disc_cat":6,"minecraft:string":1043,"minecraft:cooked_salmon":44,"minecraft:iron_leggings":8,"minecraft:experience_bottle":19,"minecraft:zombie_head":8,"minecraft:beetroot":15,"irons_spellbooks:arcane_essence":110,"mysticalagriculture:inferium_essence":130,"comforts:sleeping_bag_white":9,"iceandfire:myrmex_desert_resin":7,"minecraft:iron_pickaxe":8,"minecraft:enchanted_golden_apple":3,"minecraft:melon_slice":1535,"minecraft:tipped_arrow":3,"minecraft:golden_helmet":13,"minecraft:stick":240,"iceandfire:ghost_chest":3,"minecraft:jukebox":1,"iceandfire:armor_copper_metal_leggings":8,"minecraft:torch":595,"minecraft:acacia_log":22,"tombstone:grave_dust":4,"vampirism:vampire_fang":44,"vampirism:amulet":20,"minecraft:cauldron":8,"minecraft:cactus":1,"vampirism:blood_bottle":1,"minecraft:rotten_flesh":149,"minecraft:iron_block":2,"iceandfire:myrmex_desert_chitin":9,"farmersdelight:rope":132,"supplementaries:ash":2,"minecraft:iron_bars":67,"minecraft:cobblestone":180,"minecraft:enchanting_table":24,"vampirism:vampire_book":19,"minecraft:leather_chestplate":1,"minecraft:feather":50,"minecraft:cooked_beef":38,"minecraft:iron_door":5,"minecraft:jungle_log":9,"minecraft:andesite":15,"minecraft:dark_oak_boat":8,"minecraft:brown_wool":18,"minecraft:golden_leggings":2,"minecraft:jungle_wood":13,"minecraft:potato":429,"minecraft:tuff":1,"minecraft:lapis_lazuli":195,"minecraft:dirt":9,"minecraft:cut_sandstone_slab":6,"minecraft:name_tag":30,"minecraft:leather_boots":1,"minecraft:bone":321,"minecraft:acacia_planks":48,"minecraft:bow":19,"minecraft:wheat_seeds":67,"vampirism:altar_pillar":2,"vampirism:item_garlic":6,"minecraft:mossy_stone_bricks":33,"minecraft:bamboo":1,"minecraft:mossy_stone_brick_stairs":12,"irons_spellbooks:frozen_bone":66,"minecraft:music_disc_13":15,"vampirism:ring":17,"vampiresdelight:hardtack":9,"iceandfire:dragon_skull_fire":5,"minecraft:sand":14,"minecraft:jungle_planks":176,"minecraft:dark_oak_log":3,"minecraft:chiseled_sandstone":19,"minecraft:mossy_cobblestone":18,"minecraft:bundle":7,"minecraft:diamond":16,"minecraft:crossbow":33,"minecraft:granite":206,"minecraft:golden_apple":56,"minecraft:chainmail_helmet":1,"minecraft:golden_horse_armor":20,"minecraft:emerald":186,"minecraft:dark_oak_fence":51,"minecraft:diamond_pickaxe":4,"minecraft:cocoa_beans":54,"minecraft:crafting_table":4,"minecraft:sandstone_slab":3,"craftable_elytra_remastered:elytra_side":2,"minecraft:gold_block":6,"minecraft:diamond_horse_armor":11,"quark:dark_oak_chest":7,"minecraft:shield":13,"minecraft:iron_axe":4,"minecraft:quartz_slab":1,"minecraft:compass":5,"minecraft:iron_shovel":20,"graveyard:corruption":7,"iceandfire:graveyard_soil":30,"minecraft:cracked_stone_bricks":2,"minecraft:beef":45,"minecraft:poppy":2,"graveyard:leaning_skeleton":7,"minecraft:light_gray_wool":2,"minecraft:minecart":24,"minecraft:sugar_cane":14,"minecraft:chest":1,"minecraft:phantom_membrane":16,"minecraft:raw_iron":39,"minecraft:sandstone":64,"iceandfire:dragonbone":66,"minecraft:copper_ingot":118,"graveyard:skull_with_rib_cage":10,"quark:jungle_chest":16,"sophisticatedbackpacks:backpack":14,"minecraft:carrot":330,"minecraft:redstone":168,"minecraft:iron_horse_armor":5,"minecraft:dark_oak_planks":25,"minecraft:smooth_sandstone_slab":21,"minecraft:tnt":8,"iceandfire:silver_ingot":7,"minecraft:arrow":793,"minecraft:beetroot_seeds":125,"quark:acacia_chest":4,"minecraft:nether_bricks":21,"minecraft:diamond_boots":4,"minecraft:hay_block":99,"minecraft:sandstone_stairs":1,"minecraft:saddle":25,"minecraft:gold_ingot":365,"paraglider:horned_statue":1,"minecraft:mutton":6,"minecraft:skeleton_skull":7,"minecraft:white_wool":15,"minecraft:stripped_oak_log":1,"minecraft:lime_bed":1,"minecraft:clock":23,"minecraft:leather":160,"integrateddynamics:on_the_dynamics_of_integration":1,"minecraft:cut_sandstone":81,"alexsmobs:acacia_blossom":1,"minecraft:filled_map":7,"minecraft:oak_log":37,"minecraft:chainmail_chestplate":2,"iceandfire:ectoplasm":18,"minecraft:golden_boots":13,"minecraft:cobblestone_wall":2,"minecraft:gunpowder":278,"minecraft:paper":422,"minecraft:white_banner":8,"tombstone:gift":1,"irons_spellbooks:common_ink":15,"vampirism:human_heart":5,"minecraft:apple":24,"minecraft:stone_bricks":430,"minecraft:iron_ingot":467,"minecraft:cobweb":229,"tombstone:bag_of_seeds":1,"minecraft:iron_sword":5,"minecraft:book":1891,"minecraft:oak_slab":1,"minecraft:dark_oak_slab":1,"minecraft:chiseled_stone_bricks":14,"minecraft:gravel":1,"minecraft:amethyst_shard":36,"minecraft:spider_eye":4,"minecraft:leather_helmet":1,"minecraft:slime_ball":117,"minecraft:polished_diorite":6,"minecraft:chainmail_leggings":1,"minecraft:iron_helmet":11,"minecraft:mossy_cobblestone_stairs":2,"minecraft:baked_potato":18,"tombstone:magic_scroll":14,"minecraft:black_wool":7,"minecraft:stripped_dark_oak_log":2,"minecraft:coal":233,"minecraft:ender_pearl":23},"minecraft:mined":{"minecraft:dark_oak_planks":17,"minecraft:cut_sandstone_slab":3,"minecraft:jungle_leaves":3,"minecraft:brewing_stand":1,"minecraft:granite":40,"minecraft:acacia_log":9,"minecraft:grass_block":7,"minecraft:brown_wool":18,"minecraft:jungle_log":9,"minecraft:deepslate_bricks":1,"minecraft:polished_diorite":5,"minecraft:chiseled_stone_bricks":3,"minecraft:mossy_cobblestone_stairs":2,"minecraft:iron_ore":9,"minecraft:brown_bed":2,"minecraft:enchanting_table":2,"minecraft:skeleton_wall_skull":1,"minecraft:iron_bars":23,"minecraft:water_cauldron":1,"minecraft:quartz_slab":1,"minecraft:oak_stairs":3,"minecraft:iron_block":2,"minecraft:tripwire":1,"minecraft:cut_sandstone":28,"minecraft:sandstone_slab":2,"minecraft:torch":15,"minecraft:melon":53,"iceandfire:ghost_chest":3,"minecraft:chest":1,"minecraft:cobblestone":35,"minecraft:sugar_cane":1,"minecraft:iron_door":4,"minecraft:smooth_sandstone_slab":4,"minecraft:wall_torch":13,"minecraft:dark_oak_slab":1,"minecraft:jungle_wood":13,"paraglider:horned_statue":1,"vampirism:dark_spruce_leaves":1,"minecraft:jukebox":1,"minecraft:light_gray_wool":1,"minecraft:tnt":1,"minecraft:stone_brick_stairs":5,"minecraft:grass":8,"minecraft:oak_log":37,"minecraft:sand":22,"minecraft:dirt":2,"minecraft:oak_leaves":13,"minecraft:tuff":1,"minecraft:mossy_cobblestone":19,"farmersdelight:wild_carrots":10,"minecraft:dark_oak_log":3,"vampirism:altar_pillar":1,"minecraft:dark_oak_fence":15,"minecraft:nether_bricks":4,"quark:jungle_chest":13,"quark:acacia_chest":4,"minecraft:sandstone":57,"minecraft:hay_block":99,"minecraft:chiseled_sandstone":9,"minecraft:andesite":15,"minecraft:gold_block":6,"minecraft:bookshelf":72,"minecraft:vine":21,"minecraft:stripped_oak_log":1,"minecraft:white_wool":6,"minecraft:bamboo":2,"minecraft:stone":104,"sophisticatedbackpacks:backpack":2,"minecraft:acacia_leaves":4,"minecraft:redstone_block":7,"minecraft:glass_pane":2,"quark:dark_oak_chest":4,"minecraft:stripped_dark_oak_log":2,"minecraft:polished_granite":5,"minecraft:crafting_table":4,"minecraft:lime_bed":1,"minecraft:cobblestone_wall":2,"minecraft:black_wool":7,"minecraft:coal_ore":26,"minecraft:zombie_head":1,"minecraft:dripstone_block":3,"minecraft:cobweb":64,"minecraft:cracked_stone_bricks":6,"minecraft:acacia_planks":12,"minecraft:stone_bricks":27,"minecraft:mossy_stone_bricks":10,"minecraft:fern":1},"minecraft:killed":{"vampirism:vampire":1,"minecraft:cave_spider":3,"graveyard:skeleton_creeper":1,"vampirism:advanced_vampire":1,"minecraft:spider":12,"minecraft:skeleton":31,"minecraft:silverfish":2,"irons_spellbooks:summoned_skeleton":1,"iceandfire:myrmex_worker":1,"irons_spellbooks:necromancer":2,"minecraft:creeper":4,"vampirism:hunter":1,"minecraft:sheep":4,"minecraft:pillager":33,"minecraft:zombie":5,"minecraft:stray":7,"minecraft:cow":8,"irons_spellbooks:summoned_zombie":5,"graveyard:nightmare":1,"minecraft:vindicator":6,"minecraft:slime":17,"minecraft:horse":3,"minecraft:husk":1,"alexsmobs:guster":1,"iceandfire:myrmex_soldier":1,"iceandfire:ghost":5,"minecraft:enderman":1},"minecraft:used":{"minecraft:shield":12,"minecraft:iron_sword":575,"minecraft:rotten_flesh":3,"minecraft:iron_chestplate":1,"minecraft:carrot":2,"minecraft:quartz_slab":1,"minecraft:dark_oak_slab":1,"minecraft:stone_brick_stairs":2,"minecraft:stone_bricks":29,"minecraft:dark_oak_boat":2,"minecraft:hay_block":4,"minecraft:gold_block":3,"minecraft:skeleton_skull":1,"minecraft:mossy_stone_bricks":4,"minecraft:stone_pickaxe":56,"minecraft:wooden_pickaxe":48,"minecraft:sandstone":81,"minecraft:redstone_block":2,"minecraft:white_wool":6,"minecraft:sand":5,"sophisticatedbackpacks:backpack":10,"minecraft:chiseled_sandstone":7,"minecraft:dark_oak_log":1,"vampirism:altar_pillar":1,"minecraft:melon_slice":59,"minecraft:string":1,"minecraft:bread":90,"vampiresdelight:hardtack":2,"minecraft:diamond_sword":151,"minecraft:dark_oak_fence":6,"minecraft:oak_boat":1,"minecraft:iron_bars":8,"quark:jungle_chest":21,"minecraft:cooked_salmon":8,"minecraft:torch":218,"minecraft:dirt":9,"minecraft:cobblestone_wall":1,"minecraft:granite":11,"minecraft:polished_diorite":6,"paraglider:horned_statue":1,"minecraft:mossy_cobblestone_stairs":2,"minecraft:dark_oak_planks":14,"minecraft:iron_block":2,"minecraft:iron_axe":132,"minecraft:oak_stairs":15,"tombstone:gift":6,"comforts:sleeping_bag_white":2,"minecraft:acacia_planks":12,"minecraft:brown_bed":3,"minecraft:sandstone_stairs":1,"minecraft:cut_sandstone":58,"minecraft:mossy_cobblestone":13,"minecraft:crafting_table":12,"quark:acacia_chest":4,"minecraft:white_bed":1,"minecraft:book":2,"tombstone:bag_of_seeds":2,"minecraft:iron_pickaxe":387,"minecraft:stone_axe":122,"minecraft:chiseled_stone_bricks":2,"quark:dark_oak_chest":7,"minecraft:cobblestone":88,"minecraft:white_banner":1,"minecraft:sandstone_slab":2,"quark:oak_chest":1},"minecraft:custom":{"minecraft:interact_with_crafting_table":58,"minecraft:open_barrel":15,"minecraft:leave_game":17,"minecraft:time_since_death":192547,"minecraft:sprint_one_cm":1051652,"minecraft:damage_blocked_by_shield":321,"minecraft:drop":976,"minecraft:talked_to_villager":1,"minecraft:play_time":356289,"minecraft:deaths":6,"minecraft:jump":5321,"minecraft:interact_with_brewingstand":2,"minecraft:walk_on_water_one_cm":58052,"minecraft:interact_with_furnace":6,"minecraft:interact_with_loom":3,"minecraft:sleep_in_bed":15,"minecraft:waystone_activated":1,"minecraft:damage_dealt":32065,"minecraft:crouch_one_cm":63863,"tombstone:undead_killed":58,"minecraft:interact_with_smoker":1,"minecraft:inspect_dispenser":1,"minecraft:inspect_dropper":2,"minecraft:mob_kills":164,"minecraft:damage_dealt_resisted":443,"minecraft:climb_one_cm":18918,"minecraft:walk_one_cm":846772,"minecraft:damage_dealt_absorbed":40,"minecraft:sneak_time":23172,"minecraft:walk_under_water_one_cm":43387,"minecraft:boat_one_cm":363735,"minecraft:interact_with_lectern":2,"minecraft:total_world_time":356462,"tombstone:raider_killed":39,"minecraft:time_since_rest":15321,"minecraft:damage_taken":6718,"minecraft:trigger_trapped_chest":1,"minecraft:swim_one_cm":79450,"minecraft:fly_one_cm":1077498,"minecraft:open_chest":568,"minecraft:fall_one_cm":110142},"minecraft:broken":{"minecraft:stone_axe":1,"minecraft:iron_sword":1,"minecraft:leather_boots":1,"minecraft:iron_helmet":1},"minecraft:killed_by":{"minecraft:vindicator":1,"iceandfire:fire_dragon":1,"irons_spellbooks:necromancer":1,"iceandfire:lightning_dragon":1,"irons_spellbooks:archevoker":1},"minecraft:crafted":{"minecraft:oak_planks":152,"minecraft:dark_oak_boat":1,"craftable_elytra_remastered:elytra_side":1,"sophisticatedbackpacks:backpack":6,"minecraft:emerald":9,"minecraft:crafting_table":9,"minecraft:wooden_pickaxe":1,"minecraft:brown_bed":1,"minecraft:iron_chestplate":1,"minecraft:shield":1,"minecraft:stick":84,"quark:oak_chest":2,"minecraft:iron_ingot":18,"minecraft:iron_pickaxe":2,"minecraft:gold_ingot":45,"comforts:sleeping_bag_white":1,"quark:jungle_chest":11,"quark:dark_oak_chest":3,"quark:acacia_chest":1,"minecraft:iron_axe":2,"minecraft:stone_pickaxe":2,"minecraft:dark_oak_planks":36,"minecraft:wheat":108,"minecraft:iron_sword":4,"minecraft:stone_axe":1,"minecraft:bread":36,"minecraft:jungle_planks":88,"minecraft:oak_boat":1,"minecraft:oak_stairs":12,"minecraft:white_bed":1,"minecraft:acacia_planks":36,"minecraft:torch":184},"minecraft:dropped":{"minecraft:iron_sword":2,"minecraft:lapis_lazuli":104,"minecraft:cooked_beef":28,"vampirism:human_heart":3,"minecraft:baked_potato":12,"minecraft:diamond":3,"minecraft:ender_pearl":8,"minecraft:sandstone_slab":1,"minecraft:crossbow":21,"minecraft:leather":108,"iceandfire:ectoplasm":6,"minecraft:mossy_stone_brick_stairs":8,"minecraft:jungle_planks":80,"minecraft:iron_horse_armor":3,"minecraft:saddle":16,"graveyard:corruption":4,"minecraft:cut_sandstone_slab":1,"minecraft:leather_helmet":1,"iceandfire:graveyard_soil":16,"minecraft:music_disc_13":10,"minecraft:emerald":75,"graveyard:leaning_skeleton":3,"vampiresdelight:hardtack":3,"minecraft:dark_oak_fence":18,"iceandfire:myrmex_desert_chitin":3,"minecraft:cut_sandstone":34,"irons_spellbooks:arcane_essence":74,"minecraft:amethyst_shard":9,"minecraft:phantom_membrane":8,"minecraft:sand":6,"minecraft:iron_pickaxe":6,"minecraft:dark_oak_planks":4,"minecraft:dark_oak_boat":4,"minecraft:cauldron":5,"minecraft:gold_ingot":195,"minecraft:bone":204,"quark:jungle_chest":3,"minecraft:compass":3,"minecraft:sugar_cane":6,"graveyard:skull_with_rib_cage":4,"alexscaves:cave_tablet":7,"minecraft:wheat":43,"minecraft:beetroot":15,"minecraft:rotten_flesh":103,"vampirism:blood_bottle":1,"minecraft:enchanted_golden_apple":1,"minecraft:carrot":193,"minecraft:chainmail_chestplate":1,"minecraft:chiseled_stone_bricks":6,"minecraft:poppy":2,"minecraft:leather_chestplate":1,"supplementaries:ash":2,"minecraft:tipped_arrow":3,"iceandfire:ghost_chest":2,"minecraft:gunpowder":123,"minecraft:skeleton_skull":5,"mysticalagriculture:inferium_essence":83,"minecraft:beetroot_seeds":25,"minecraft:leather_boots":1,"farmersdelight:rope":88,"comforts:sleeping_bag_white":4,"minecraft:iron_bars":33,"minecraft:arrow":437,"minecraft:beef":15,"iceandfire:armor_copper_metal_leggings":6,"minecraft:enchanting_table":14,"iceandfire:manuscript":70,"vampirism:item_garlic":2,"minecraft:iron_ingot":286,"minecraft:enchanted_book":96,"minecraft:golden_boots":7,"minecraft:wheat_seeds":14,"minecraft:clock":17,"minecraft:golden_helmet":9,"minecraft:tnt":4,"minecraft:minecart":17,"minecraft:golden_horse_armor":14,"vampirism:vampire_book":12,"minecraft:iron_helmet":6,"minecraft:feather":40,"minecraft:cobblestone":42,"minecraft:book":1443,"minecraft:apple":12,"minecraft:granite":115,"minecraft:copper_ingot":68,"minecraft:acacia_log":7,"minecraft:chainmail_helmet":1,"vampirism:amulet":13,"minecraft:coal":144,"minecraft:golden_apple":33,"minecraft:stick":166,"irons_spellbooks:scroll":19,"minecraft:cobweb":176,"minecraft:diamond_horse_armor":8,"minecraft:brewing_stand":10,"tombstone:magic_scroll":7,"minecraft:torch":534,"minecraft:melon_slice":680,"minecraft:cooked_salmon":24,"minecraft:iron_door":3,"minecraft:zombie_head":5,"tombstone:grave_dust":2,"minecraft:potion":72,"minecraft:iron_leggings":6,"irons_spellbooks:common_ink":9,"minecraft:smooth_sandstone_slab":9,"minecraft:white_banner":3,"minecraft:iron_axe":3,"vampirism:ring":13,"minecraft:chainmail_leggings":1,"minecraft:iron_shovel":12,"minecraft:paper":295,"minecraft:string":754,"irons_spellbooks:frozen_bone":46,"minecraft:acacia_planks":18,"minecraft:music_disc_cat":4,"iceandfire:dragon_skull_fire":2,"minecraft:redstone_block":15,"minecraft:chiseled_sandstone":4,"minecraft:redstone":126,"iceandfire:dragonbone":33,"minecraft:cocoa_beans":27,"iceandfire:myrmex_desert_resin":3,"quark:dark_oak_chest":3,"minecraft:raw_iron":10,"minecraft:experience_bottle":9,"minecraft:chicken":1,"sophisticatedbackpacks:backpack":8,"minecraft:name_tag":20,"minecraft:nether_bricks":13,"minecraft:suspicious_stew":5,"minecraft:filled_map":5,"minecraft:potato":277,"minecraft:shield":9,"minecraft:bundle":4,"minecraft:iron_chestplate":6,"minecraft:diamond_pickaxe":3,"minecraft:andesite":15,"minecraft:mossy_stone_bricks":13,"iceandfire:silver_ingot":4,"minecraft:golden_leggings":2,"minecraft:spider_eye":1,"minecraft:stone_bricks":275,"minecraft:bamboo":1,"minecraft:diamond_boots":2,"minecraft:slime_ball":65,"minecraft:bow":10,"minecraft:wooden_pickaxe":1}},"DataVersion":3465}