{"stats":{"minecraft:mined":{"minecraft:dark_oak_planks":17,"minecraft:cut_sandstone_slab":3,"minecraft:jungle_leaves":3,"minecraft:brewing_stand":1,"minecraft:granite":8,"minecraft:acacia_log":9,"minecraft:grass_block":7,"minecraft:brown_wool":18,"minecraft:jungle_log":9,"minecraft:deepslate_bricks":1,"minecraft:polished_diorite":4,"minecraft:chiseled_stone_bricks":2,"minecraft:mossy_cobblestone_stairs":1,"minecraft:iron_ore":9,"minecraft:enchanting_table":2,"minecraft:brown_bed":2,"minecraft:water_cauldron":1,"minecraft:oak_stairs":3,"minecraft:quartz_slab":1,"minecraft:iron_bars":16,"minecraft:iron_block":2,"minecraft:tripwire":1,"minecraft:sandstone_slab":1,"minecraft:cut_sandstone":27,"minecraft:torch":9,"minecraft:melon":53,"iceandfire:ghost_chest":3,"minecraft:chest":1,"minecraft:cobblestone":29,"minecraft:sugar_cane":1,"minecraft:iron_door":3,"minecraft:smooth_sandstone_slab":4,"minecraft:wall_torch":8,"minecraft:dark_oak_slab":1,"minecraft:jungle_wood":13,"paraglider:horned_statue":1,"vampirism:dark_spruce_leaves":1,"minecraft:jukebox":1,"minecraft:light_gray_wool":1,"minecraft:stone_brick_stairs":5,"minecraft:grass":7,"minecraft:oak_log":31,"minecraft:sand":18,"minecraft:dirt":2,"minecraft:oak_leaves":13,"minecraft:tuff":1,"minecraft:mossy_cobblestone":11,"farmersdelight:wild_carrots":10,"minecraft:dark_oak_log":3,"vampirism:altar_pillar":1,"minecraft:dark_oak_fence":15,"minecraft:sandstone":42,"minecraft:hay_block":12,"minecraft:chiseled_sandstone":7,"minecraft:andesite":15,"minecraft:gold_block":5,"minecraft:bookshelf":72,"minecraft:vine":2,"minecraft:bamboo":2,"minecraft:stone":90,"sophisticatedbackpacks:backpack":1,"minecraft:acacia_leaves":4,"minecraft:glass_pane":2,"minecraft:stripped_dark_oak_log":2,"minecraft:polished_granite":5,"minecraft:crafting_table":4,"minecraft:cobblestone_wall":2,"minecraft:black_wool":7,"minecraft:coal_ore":11,"minecraft:zombie_head":1,"minecraft:dripstone_block":3,"minecraft:cobweb":58,"minecraft:cracked_stone_bricks":2,"minecraft:acacia_planks":12,"minecraft:stone_bricks":16,"minecraft:mossy_stone_bricks":3,"minecraft:fern":1},"minecraft:broken":{"minecraft:stone_axe":1,"minecraft:iron_sword":1,"minecraft:leather_boots":1},"minecraft:dropped":{"minecraft:iron_sword":1,"minecraft:sandstone_slab":1,"minecraft:crossbow":6,"minecraft:saddle":1,"iceandfire:graveyard_soil":4,"minecraft:emerald":9,"minecraft:dark_oak_fence":6,"minecraft:cut_sandstone":3,"irons_spellbooks:arcane_essence":4,"minecraft:sand":4,"minecraft:iron_pickaxe":3,"minecraft:dark_oak_planks":1,"minecraft:gold_ingot":3,"minecraft:bone":2,"minecraft:sugar_cane":2,"minecraft:wheat":11,"minecraft:beetroot":15,"minecraft:rotten_flesh":9,"minecraft:carrot":5,"minecraft:poppy":2,"supplementaries:ash":2,"iceandfire:ghost_chest":2,"minecraft:leather_boots":1,"minecraft:iron_bars":2,"minecraft:arrow":68,"iceandfire:manuscript":6,"minecraft:enchanted_book":2,"minecraft:wheat_seeds":1,"minecraft:cobblestone":24,"minecraft:book":21,"minecraft:acacia_log":7,"minecraft:golden_apple":1,"minecraft:stick":4,"minecraft:melon_slice":128,"minecraft:iron_door":1,"tombstone:grave_dust":2,"minecraft:smooth_sandstone_slab":3,"minecraft:white_banner":1,"minecraft:iron_axe":2,"vampirism:ring":1,"minecraft:chainmail_leggings":1,"iceandfire:myrmex_desert_resin":1,"minecraft:experience_bottle":1,"minecraft:chicken":1,"minecraft:potato":4,"minecraft:andesite":15,"iceandfire:silver_ingot":1,"minecraft:bamboo":1,"minecraft:wooden_pickaxe":1},"minecraft:used":{"minecraft:shield":12,"minecraft:iron_sword":484,"minecraft:rotten_flesh":3,"minecraft:iron_chestplate":1,"minecraft:carrot":2,"minecraft:quartz_slab":1,"minecraft:dark_oak_slab":1,"minecraft:stone_brick_stairs":2,"minecraft:stone_bricks":25,"minecraft:dark_oak_boat":2,"minecraft:gold_block":3,"minecraft:mossy_stone_bricks":3,"minecraft:stone_pickaxe":56,"minecraft:wooden_pickaxe":48,"minecraft:sandstone":15,"minecraft:sand":5,"sophisticatedbackpacks:backpack":2,"minecraft:chiseled_sandstone":7,"minecraft:dark_oak_log":1,"minecraft:bread":62,"minecraft:melon_slice":59,"minecraft:string":1,"vampirism:altar_pillar":1,"vampiresdelight:hardtack":2,"minecraft:dark_oak_fence":6,"minecraft:oak_boat":1,"minecraft:iron_bars":5,"quark:jungle_chest":5,"minecraft:torch":158,"minecraft:dirt":9,"minecraft:cobblestone_wall":1,"minecraft:polished_diorite":5,"minecraft:mossy_cobblestone_stairs":1,"paraglider:horned_statue":1,"minecraft:dark_oak_planks":14,"minecraft:iron_block":2,"minecraft:iron_axe":132,"minecraft:oak_stairs":15,"tombstone:gift":4,"comforts:sleeping_bag_white":2,"minecraft:acacia_planks":12,"minecraft:brown_bed":3,"minecraft:sandstone_stairs":1,"minecraft:cut_sandstone":58,"minecraft:mossy_cobblestone":7,"minecraft:crafting_table":12,"quark:acacia_chest":1,"minecraft:white_bed":1,"minecraft:book":2,"tombstone:bag_of_seeds":2,"minecraft:iron_pickaxe":242,"minecraft:stone_axe":122,"minecraft:chiseled_stone_bricks":2,"quark:dark_oak_chest":3,"minecraft:cobblestone":75,"minecraft:white_banner":1,"minecraft:sandstone_slab":1,"quark:oak_chest":1},"minecraft:killed_by":{"minecraft:vindicator":1,"iceandfire:fire_dragon":1,"irons_spellbooks:necromancer":1,"iceandfire:lightning_dragon":1,"irons_spellbooks:archevoker":1},"minecraft:custom":{"minecraft:interact_with_crafting_table":52,"minecraft:open_barrel":13,"minecraft:leave_game":14,"minecraft:time_since_death":95451,"minecraft:sprint_one_cm":781229,"minecraft:damage_blocked_by_shield":321,"minecraft:drop":72,"minecraft:play_time":259193,"minecraft:deaths":6,"minecraft:jump":4403,"minecraft:interact_with_brewingstand":1,"minecraft:walk_on_water_one_cm":54459,"minecraft:interact_with_furnace":6,"minecraft:sleep_in_bed":13,"minecraft:damage_dealt":23228,"minecraft:crouch_one_cm":41401,"tombstone:undead_killed":36,"minecraft:interact_with_smoker":1,"minecraft:inspect_dispenser":1,"minecraft:inspect_dropper":2,"minecraft:mob_kills":109,"minecraft:climb_one_cm":10709,"minecraft:walk_one_cm":635706,"minecraft:damage_dealt_absorbed":40,"minecraft:sneak_time":14137,"minecraft:walk_under_water_one_cm":42927,"minecraft:boat_one_cm":363735,"minecraft:interact_with_lectern":2,"minecraft:total_world_time":259366,"tombstone:raider_killed":39,"minecraft:time_since_rest":4187,"minecraft:damage_taken":4988,"minecraft:swim_one_cm":79450,"minecraft:fly_one_cm":881784,"minecraft:open_chest":331,"minecraft:fall_one_cm":89503},"minecraft:killed":{"minecraft:cave_spider":3,"graveyard:skeleton_creeper":1,"minecraft:spider":6,"minecraft:skeleton":18,"irons_spellbooks:summoned_skeleton":1,"iceandfire:myrmex_worker":1,"irons_spellbooks:necromancer":2,"minecraft:creeper":2,"vampirism:hunter":1,"minecraft:sheep":4,"minecraft:pillager":33,"minecraft:zombie":3,"minecraft:stray":1,"minecraft:cow":8,"irons_spellbooks:summoned_zombie":5,"minecraft:vindicator":6,"minecraft:horse":3,"minecraft:husk":1,"iceandfire:myrmex_soldier":1,"iceandfire:ghost":4,"minecraft:enderman":1},"minecraft:crafted":{"minecraft:oak_planks":124,"minecraft:dark_oak_boat":1,"craftable_elytra_remastered:elytra_side":1,"sophisticatedbackpacks:backpack":2,"minecraft:emerald":9,"minecraft:crafting_table":8,"minecraft:wooden_pickaxe":1,"minecraft:brown_bed":1,"minecraft:iron_chestplate":1,"minecraft:shield":1,"minecraft:stick":36,"quark:oak_chest":2,"minecraft:iron_ingot":18,"minecraft:iron_pickaxe":2,"minecraft:gold_ingot":45,"comforts:sleeping_bag_white":1,"quark:jungle_chest":5,"quark:dark_oak_chest":3,"quark:acacia_chest":1,"minecraft:iron_axe":2,"minecraft:stone_pickaxe":2,"minecraft:dark_oak_planks":36,"minecraft:wheat":108,"minecraft:iron_sword":4,"minecraft:stone_axe":1,"minecraft:bread":36,"minecraft:jungle_planks":88,"minecraft:oak_boat":1,"minecraft:oak_stairs":12,"minecraft:white_bed":1,"minecraft:acacia_planks":36,"minecraft:torch":60},"minecraft:picked_up":{"irons_spellbooks:scroll":2,"minecraft:iron_chestplate":1,"minecraft:wheat":11,"minecraft:oak_stairs":3,"minecraft:brown_bed":2,"minecraft:enchanted_book":3,"minecraft:stone_brick_stairs":3,"minecraft:brewing_stand":1,"iceandfire:manuscript":34,"minecraft:string":64,"minecraft:cooked_salmon":20,"minecraft:zombie_head":1,"minecraft:experience_bottle":3,"minecraft:beetroot":15,"irons_spellbooks:arcane_essence":12,"mysticalagriculture:inferium_essence":23,"comforts:sleeping_bag_white":3,"iceandfire:myrmex_desert_resin":2,"minecraft:iron_pickaxe":3,"minecraft:melon_slice":542,"minecraft:stick":4,"iceandfire:ghost_chest":3,"minecraft:jukebox":1,"minecraft:torch":23,"minecraft:acacia_log":22,"tombstone:grave_dust":3,"minecraft:cauldron":1,"minecraft:rotten_flesh":29,"minecraft:iron_block":2,"iceandfire:myrmex_desert_chitin":3,"supplementaries:ash":2,"minecraft:iron_bars":16,"minecraft:cobblestone":117,"minecraft:enchanting_table":2,"minecraft:iron_door":3,"minecraft:andesite":15,"minecraft:jungle_log":9,"minecraft:brown_wool":18,"minecraft:dark_oak_boat":2,"minecraft:jungle_wood":13,"minecraft:potato":39,"minecraft:tuff":1,"minecraft:lapis_lazuli":9,"minecraft:dirt":9,"minecraft:cut_sandstone_slab":1,"minecraft:leather_boots":1,"minecraft:bone":34,"minecraft:acacia_planks":12,"minecraft:bow":2,"minecraft:wheat_seeds":15,"vampirism:altar_pillar":2,"vampirism:item_garlic":2,"minecraft:mossy_stone_bricks":3,"minecraft:bamboo":1,"irons_spellbooks:frozen_bone":5,"vampirism:ring":1,"vampiresdelight:hardtack":3,"iceandfire:dragon_skull_fire":1,"minecraft:sand":9,"minecraft:chiseled_sandstone":8,"minecraft:dark_oak_log":3,"minecraft:mossy_cobblestone":11,"minecraft:bundle":1,"minecraft:diamond":2,"minecraft:crossbow":9,"minecraft:granite":4,"minecraft:golden_apple":1,"minecraft:emerald":31,"minecraft:dark_oak_fence":21,"minecraft:cocoa_beans":9,"minecraft:crafting_table":4,"minecraft:sandstone_slab":2,"minecraft:gold_block":5,"minecraft:iron_axe":2,"minecraft:quartz_slab":1,"graveyard:corruption":1,"iceandfire:graveyard_soil":12,"minecraft:beef":30,"minecraft:poppy":2,"minecraft:light_gray_wool":2,"minecraft:chest":1,"minecraft:sugar_cane":4,"minecraft:raw_iron":19,"minecraft:sandstone":50,"iceandfire:dragonbone":11,"minecraft:copper_ingot":4,"sophisticatedbackpacks:backpack":2,"minecraft:carrot":48,"minecraft:dark_oak_planks":19,"minecraft:smooth_sandstone_slab":6,"iceandfire:silver_ingot":2,"minecraft:arrow":142,"minecraft:beetroot_seeds":25,"minecraft:hay_block":12,"minecraft:sandstone_stairs":1,"minecraft:saddle":2,"minecraft:gold_ingot":6,"paraglider:horned_statue":1,"minecraft:mutton":6,"minecraft:white_wool":3,"minecraft:skeleton_skull":1,"minecraft:cut_sandstone":32,"integrateddynamics:on_the_dynamics_of_integration":1,"minecraft:leather":22,"alexsmobs:acacia_blossom":1,"minecraft:oak_log":31,"iceandfire:ectoplasm":9,"minecraft:gunpowder":21,"minecraft:cobblestone_wall":2,"minecraft:paper":9,"tombstone:gift":1,"minecraft:white_banner":3,"irons_spellbooks:common_ink":3,"vampirism:human_heart":1,"minecraft:stone_bricks":13,"minecraft:iron_ingot":52,"minecraft:cobweb":9,"tombstone:bag_of_seeds":1,"minecraft:iron_sword":1,"minecraft:book":253,"minecraft:dark_oak_slab":1,"minecraft:chiseled_stone_bricks":2,"minecraft:spider_eye":2,"minecraft:polished_diorite":5,"minecraft:chainmail_leggings":1,"minecraft:iron_helmet":1,"minecraft:mossy_cobblestone_stairs":1,"tombstone:magic_scroll":3,"minecraft:black_wool":7,"minecraft:stripped_dark_oak_log":2,"minecraft:coal":26,"minecraft:ender_pearl":1}},"DataVersion":3465}