{"stats":{"minecraft:mined":{"minecraft:dark_oak_planks":17,"minecraft:cut_sandstone_slab":3,"farmersdelight:wild_carrots":10,"minecraft:dark_oak_log":3,"vampirism:altar_pillar":1,"minecraft:dark_oak_fence":15,"minecraft:granite":5,"minecraft:acacia_log":9,"minecraft:grass_block":7,"minecraft:brown_wool":18,"minecraft:hay_block":12,"minecraft:iron_ore":9,"minecraft:chiseled_sandstone":1,"minecraft:gold_block":3,"minecraft:brown_bed":2,"minecraft:bookshelf":10,"minecraft:vine":1,"minecraft:iron_bars":9,"minecraft:oak_stairs":3,"minecraft:quartz_slab":1,"minecraft:bamboo":2,"minecraft:stone":62,"minecraft:iron_block":2,"sophisticatedbackpacks:backpack":1,"minecraft:sandstone_slab":1,"minecraft:acacia_leaves":4,"minecraft:glass_pane":2,"minecraft:stripped_dark_oak_log":2,"minecraft:polished_granite":5,"minecraft:crafting_table":4,"minecraft:torch":2,"minecraft:melon":53,"iceandfire:ghost_chest":3,"minecraft:chest":1,"minecraft:cobblestone":13,"minecraft:sugar_cane":1,"minecraft:smooth_sandstone_slab":4,"minecraft:dark_oak_slab":1,"minecraft:cobblestone_wall":2,"vampirism:dark_spruce_leaves":1,"minecraft:light_gray_wool":1,"minecraft:black_wool":7,"minecraft:grass":7,"minecraft:oak_log":31,"minecraft:coal_ore":11,"minecraft:dirt":2,"minecraft:sand":1,"minecraft:dripstone_block":3,"minecraft:cobweb":2,"minecraft:acacia_planks":7,"minecraft:stone_bricks":1,"minecraft:oak_leaves":13,"minecraft:fern":1},"minecraft:killed":{"irons_spellbooks:summoned_zombie":1,"minecraft:spider":2,"minecraft:vindicator":6,"minecraft:skeleton":3,"minecraft:horse":3,"iceandfire:myrmex_worker":1,"minecraft:husk":1,"irons_spellbooks:necromancer":1,"minecraft:creeper":1,"vampirism:hunter":1,"minecraft:sheep":4,"minecraft:pillager":31,"minecraft:zombie":3,"iceandfire:myrmex_soldier":1,"iceandfire:ghost":4,"minecraft:cow":8},"minecraft:custom":{"minecraft:inspect_dropper":2,"minecraft:mob_kills":73,"minecraft:interact_with_crafting_table":43,"minecraft:open_barrel":11,"minecraft:leave_game":11,"minecraft:time_since_death":15673,"minecraft:climb_one_cm":9501,"minecraft:sprint_one_cm":508023,"minecraft:walk_one_cm":403670,"minecraft:damage_blocked_by_shield":321,"minecraft:drop":27,"minecraft:play_time":179415,"minecraft:sneak_time":10142,"minecraft:deaths":6,"minecraft:walk_under_water_one_cm":34783,"minecraft:boat_one_cm":363735,"minecraft:interact_with_lectern":2,"minecraft:interact_with_brewingstand":1,"minecraft:jump":3585,"minecraft:walk_on_water_one_cm":25326,"minecraft:total_world_time":179588,"minecraft:interact_with_furnace":5,"tombstone:raider_killed":37,"minecraft:sleep_in_bed":9,"minecraft:time_since_rest":6403,"minecraft:damage_taken":3883,"minecraft:damage_dealt":16076,"minecraft:swim_one_cm":74963,"minecraft:fly_one_cm":741034,"minecraft:open_chest":164,"minecraft:crouch_one_cm":30040,"tombstone:undead_killed":13,"minecraft:fall_one_cm":76885,"minecraft:inspect_dispenser":1},"minecraft:dropped":{"minecraft:iron_sword":1,"minecraft:wheat_seeds":1,"minecraft:sandstone_slab":1,"minecraft:crossbow":3,"minecraft:acacia_log":7,"minecraft:golden_apple":1,"iceandfire:graveyard_soil":2,"minecraft:stick":4,"tombstone:grave_dust":2,"minecraft:smooth_sandstone_slab":3,"minecraft:iron_axe":1,"minecraft:iron_pickaxe":1,"minecraft:dark_oak_planks":1,"minecraft:wheat":7,"minecraft:beetroot":15,"minecraft:chicken":1,"minecraft:poppy":2,"supplementaries:ash":2,"iceandfire:ghost_chest":2,"minecraft:leather_boots":1,"minecraft:bamboo":1,"minecraft:wooden_pickaxe":1},"minecraft:used":{"minecraft:iron_bars":3,"minecraft:shield":12,"minecraft:iron_sword":262,"minecraft:rotten_flesh":3,"minecraft:iron_chestplate":1,"minecraft:torch":9,"minecraft:dirt":9,"minecraft:cobblestone_wall":1,"minecraft:carrot":2,"minecraft:dark_oak_planks":14,"minecraft:quartz_slab":1,"minecraft:iron_axe":40,"minecraft:iron_block":2,"minecraft:oak_stairs":15,"minecraft:dark_oak_slab":1,"minecraft:dark_oak_boat":2,"tombstone:gift":4,"minecraft:gold_block":3,"comforts:sleeping_bag_white":2,"minecraft:acacia_planks":12,"minecraft:brown_bed":3,"minecraft:stone_pickaxe":56,"minecraft:wooden_pickaxe":48,"minecraft:sand":1,"minecraft:crafting_table":12,"minecraft:white_bed":1,"minecraft:book":2,"sophisticatedbackpacks:backpack":1,"minecraft:chiseled_sandstone":1,"minecraft:dark_oak_log":1,"minecraft:bread":34,"minecraft:melon_slice":59,"minecraft:iron_pickaxe":38,"vampirism:altar_pillar":1,"vampiresdelight:hardtack":2,"minecraft:stone_axe":122,"quark:dark_oak_chest":3,"minecraft:cobblestone":54,"minecraft:white_banner":1,"minecraft:dark_oak_fence":6,"minecraft:sandstone_slab":1,"quark:oak_chest":1,"minecraft:oak_boat":1},"minecraft:crafted":{"minecraft:oak_planks":124,"minecraft:dark_oak_boat":1,"comforts:sleeping_bag_white":1,"craftable_elytra_remastered:elytra_side":1,"quark:dark_oak_chest":3,"minecraft:iron_axe":2,"minecraft:stone_pickaxe":2,"minecraft:dark_oak_planks":36,"minecraft:wheat":108,"minecraft:emerald":9,"sophisticatedbackpacks:backpack":2,"minecraft:crafting_table":8,"minecraft:wooden_pickaxe":1,"minecraft:iron_sword":2,"minecraft:brown_bed":1,"minecraft:stone_axe":1,"minecraft:bread":36,"minecraft:oak_boat":1,"minecraft:iron_chestplate":1,"minecraft:shield":1,"minecraft:stick":28,"quark:oak_chest":2,"minecraft:iron_ingot":18,"minecraft:iron_pickaxe":1,"minecraft:oak_stairs":12,"minecraft:gold_ingot":27,"minecraft:white_bed":1,"minecraft:acacia_planks":36,"minecraft:torch":20},"minecraft:broken":{"minecraft:leather_boots":1,"minecraft:stone_axe":1,"minecraft:iron_sword":1},"minecraft:killed_by":{"minecraft:vindicator":1,"irons_spellbooks:necromancer":1,"iceandfire:lightning_dragon":1,"irons_spellbooks:archevoker":1,"iceandfire:fire_dragon":1},"minecraft:picked_up":{"irons_spellbooks:scroll":1,"minecraft:iron_chestplate":1,"minecraft:crafting_table":4,"minecraft:wheat":7,"minecraft:sandstone_slab":2,"minecraft:oak_stairs":3,"minecraft:brown_bed":2,"minecraft:gold_block":3,"minecraft:enchanted_book":1,"iceandfire:manuscript":28,"minecraft:string":4,"minecraft:iron_axe":2,"minecraft:cooked_salmon":20,"minecraft:quartz_slab":1,"minecraft:experience_bottle":2,"minecraft:beetroot":15,"iceandfire:graveyard_soil":10,"irons_spellbooks:arcane_essence":7,"mysticalagriculture:inferium_essence":17,"comforts:sleeping_bag_white":3,"minecraft:beef":30,"iceandfire:myrmex_desert_resin":1,"minecraft:poppy":2,"minecraft:iron_pickaxe":1,"minecraft:light_gray_wool":2,"minecraft:melon_slice":414,"minecraft:sugar_cane":2,"minecraft:chest":1,"minecraft:stick":4,"minecraft:raw_iron":19,"iceandfire:ghost_chest":3,"minecraft:copper_ingot":4,"minecraft:torch":2,"minecraft:acacia_log":22,"sophisticatedbackpacks:backpack":2,"tombstone:grave_dust":3,"minecraft:carrot":43,"minecraft:dark_oak_planks":19,"minecraft:smooth_sandstone_slab":6,"iceandfire:silver_ingot":1,"minecraft:arrow":60,"minecraft:rotten_flesh":20,"minecraft:beetroot_seeds":25,"minecraft:hay_block":12,"minecraft:iron_block":2,"iceandfire:myrmex_desert_chitin":3,"minecraft:saddle":1,"minecraft:gold_ingot":3,"supplementaries:ash":2,"minecraft:mutton":6,"minecraft:iron_bars":9,"minecraft:skeleton_skull":1,"minecraft:white_wool":3,"minecraft:cobblestone":72,"integrateddynamics:on_the_dynamics_of_integration":1,"minecraft:brown_wool":18,"minecraft:leather":22,"minecraft:dark_oak_boat":2,"alexsmobs:acacia_blossom":1,"minecraft:potato":35,"minecraft:oak_log":31,"iceandfire:ectoplasm":9,"minecraft:cobblestone_wall":2,"minecraft:gunpowder":20,"minecraft:cut_sandstone_slab":1,"minecraft:lapis_lazuli":9,"minecraft:paper":9,"minecraft:dirt":9,"minecraft:white_banner":2,"tombstone:gift":1,"minecraft:leather_boots":1,"irons_spellbooks:common_ink":3,"minecraft:bone":14,"vampirism:human_heart":1,"minecraft:acacia_planks":7,"minecraft:wheat_seeds":15,"vampirism:altar_pillar":2,"vampirism:item_garlic":2,"minecraft:iron_ingot":52,"minecraft:cobweb":9,"minecraft:bamboo":1,"minecraft:iron_sword":1,"minecraft:book":51,"minecraft:dark_oak_slab":1,"vampiresdelight:hardtack":3,"minecraft:sand":1,"minecraft:dark_oak_log":3,"minecraft:chiseled_sandstone":1,"minecraft:diamond":2,"minecraft:chainmail_leggings":1,"minecraft:iron_helmet":1,"minecraft:granite":4,"minecraft:crossbow":5,"minecraft:golden_apple":1,"minecraft:emerald":20,"tombstone:magic_scroll":2,"minecraft:black_wool":7,"minecraft:dark_oak_fence":15,"minecraft:stripped_dark_oak_log":2,"minecraft:coal":26}},"DataVersion":3465}