{"stats":{"minecraft:broken":{"minecraft:stone_axe":1,"minecraft:iron_sword":1,"minecraft:leather_boots":1,"minecraft:iron_helmet":1},"minecraft:dropped":{"minecraft:iron_sword":1,"minecraft:sandstone_slab":1,"minecraft:crossbow":6,"minecraft:saddle":2,"graveyard:corruption":1,"minecraft:leather_helmet":1,"iceandfire:graveyard_soil":4,"minecraft:emerald":9,"minecraft:dark_oak_fence":6,"minecraft:cut_sandstone":3,"irons_spellbooks:arcane_essence":4,"minecraft:sand":4,"minecraft:iron_pickaxe":3,"minecraft:dark_oak_planks":1,"minecraft:gold_ingot":3,"minecraft:bone":18,"minecraft:sugar_cane":2,"minecraft:wheat":11,"minecraft:beetroot":15,"minecraft:rotten_flesh":12,"vampirism:blood_bottle":1,"minecraft:carrot":5,"minecraft:chainmail_chestplate":1,"minecraft:poppy":2,"minecraft:leather_chestplate":1,"supplementaries:ash":2,"minecraft:tipped_arrow":3,"iceandfire:ghost_chest":2,"mysticalagriculture:inferium_essence":12,"minecraft:leather_boots":1,"minecraft:iron_bars":9,"minecraft:arrow":68,"iceandfire:armor_copper_metal_leggings":1,"minecraft:enchanting_table":2,"iceandfire:manuscript":6,"minecraft:enchanted_book":2,"minecraft:wheat_seeds":1,"minecraft:golden_horse_armor":2,"minecraft:cobblestone":24,"minecraft:book":149,"minecraft:granite":20,"minecraft:acacia_log":7,"minecraft:chainmail_helmet":1,"minecraft:golden_apple":3,"minecraft:stick":4,"minecraft:melon_slice":128,"minecraft:iron_door":3,"tombstone:grave_dust":2,"minecraft:potion":1,"minecraft:smooth_sandstone_slab":3,"minecraft:white_banner":1,"minecraft:iron_axe":2,"vampirism:ring":1,"minecraft:iron_shovel":1,"minecraft:chainmail_leggings":1,"minecraft:string":9,"irons_spellbooks:frozen_bone":6,"iceandfire:myrmex_desert_resin":1,"minecraft:experience_bottle":1,"minecraft:chicken":1,"sophisticatedbackpacks:backpack":2,"minecraft:nether_bricks":3,"minecraft:potato":4,"minecraft:andesite":15,"minecraft:mossy_stone_bricks":1,"iceandfire:silver_ingot":1,"minecraft:golden_leggings":2,"minecraft:spider_eye":1,"minecraft:bamboo":1,"minecraft:wooden_pickaxe":1},"minecraft:crafted":{"minecraft:oak_planks":148,"minecraft:dark_oak_boat":1,"craftable_elytra_remastered:elytra_side":1,"sophisticatedbackpacks:backpack":2,"minecraft:emerald":9,"minecraft:crafting_table":8,"minecraft:wooden_pickaxe":1,"minecraft:brown_bed":1,"minecraft:iron_chestplate":1,"minecraft:shield":1,"minecraft:stick":84,"quark:oak_chest":2,"minecraft:iron_ingot":18,"minecraft:iron_pickaxe":2,"minecraft:gold_ingot":45,"comforts:sleeping_bag_white":1,"quark:jungle_chest":5,"quark:dark_oak_chest":3,"quark:acacia_chest":1,"minecraft:iron_axe":2,"minecraft:stone_pickaxe":2,"minecraft:dark_oak_planks":36,"minecraft:wheat":108,"minecraft:iron_sword":4,"minecraft:stone_axe":1,"minecraft:bread":36,"minecraft:jungle_planks":88,"minecraft:oak_boat":1,"minecraft:oak_stairs":12,"minecraft:white_bed":1,"minecraft:acacia_planks":36,"minecraft:torch":184},"minecraft:killed_by":{"minecraft:vindicator":1,"iceandfire:fire_dragon":1,"irons_spellbooks:necromancer":1,"iceandfire:lightning_dragon":1,"irons_spellbooks:archevoker":1},"minecraft:used":{"minecraft:shield":12,"minecraft:iron_sword":575,"minecraft:rotten_flesh":3,"minecraft:iron_chestplate":1,"minecraft:carrot":2,"minecraft:quartz_slab":1,"minecraft:dark_oak_slab":1,"minecraft:stone_brick_stairs":2,"minecraft:stone_bricks":25,"minecraft:dark_oak_boat":2,"minecraft:gold_block":3,"minecraft:mossy_stone_bricks":4,"minecraft:stone_pickaxe":56,"minecraft:wooden_pickaxe":48,"minecraft:sandstone":81,"minecraft:redstone_block":2,"minecraft:sand":5,"sophisticatedbackpacks:backpack":2,"minecraft:chiseled_sandstone":7,"minecraft:dark_oak_log":1,"minecraft:melon_slice":59,"minecraft:string":1,"minecraft:bread":90,"vampirism:altar_pillar":1,"vampiresdelight:hardtack":2,"minecraft:diamond_sword":140,"minecraft:dark_oak_fence":6,"minecraft:oak_boat":1,"minecraft:iron_bars":8,"quark:jungle_chest":5,"minecraft:torch":218,"minecraft:dirt":9,"minecraft:cobblestone_wall":1,"minecraft:granite":11,"minecraft:polished_diorite":5,"minecraft:mossy_cobblestone_stairs":2,"paraglider:horned_statue":1,"minecraft:dark_oak_planks":14,"minecraft:iron_block":2,"minecraft:iron_axe":132,"minecraft:oak_stairs":15,"tombstone:gift":6,"comforts:sleeping_bag_white":2,"minecraft:acacia_planks":12,"minecraft:brown_bed":3,"minecraft:sandstone_stairs":1,"minecraft:cut_sandstone":58,"minecraft:mossy_cobblestone":13,"minecraft:crafting_table":12,"quark:acacia_chest":1,"minecraft:white_bed":1,"minecraft:book":2,"tombstone:bag_of_seeds":2,"minecraft:iron_pickaxe":376,"minecraft:stone_axe":122,"minecraft:chiseled_stone_bricks":2,"quark:dark_oak_chest":3,"minecraft:cobblestone":88,"minecraft:white_banner":1,"minecraft:sandstone_slab":1,"quark:oak_chest":1},"minecraft:custom":{"minecraft:interact_with_crafting_table":52,"minecraft:open_barrel":15,"minecraft:leave_game":15,"minecraft:time_since_death":145033,"minecraft:sprint_one_cm":949745,"minecraft:damage_blocked_by_shield":321,"minecraft:drop":109,"minecraft:play_time":308775,"minecraft:deaths":6,"minecraft:jump":4870,"minecraft:interact_with_brewingstand":2,"minecraft:walk_on_water_one_cm":58052,"minecraft:interact_with_furnace":6,"minecraft:interact_with_loom":3,"minecraft:sleep_in_bed":14,"minecraft:damage_dealt":31334,"minecraft:crouch_one_cm":62812,"tombstone:undead_killed":57,"minecraft:interact_with_smoker":1,"minecraft:inspect_dispenser":1,"minecraft:inspect_dropper":2,"minecraft:mob_kills":162,"minecraft:damage_dealt_resisted":443,"minecraft:climb_one_cm":17920,"minecraft:walk_one_cm":763073,"minecraft:damage_dealt_absorbed":40,"minecraft:sneak_time":22788,"minecraft:walk_under_water_one_cm":43387,"minecraft:boat_one_cm":363735,"minecraft:interact_with_lectern":2,"minecraft:total_world_time":308948,"tombstone:raider_killed":39,"minecraft:time_since_rest":1989,"minecraft:damage_taken":6336,"minecraft:swim_one_cm":79450,"minecraft:fly_one_cm":913969,"minecraft:open_chest":377,"minecraft:fall_one_cm":93959},"minecraft:killed":{"vampirism:vampire":1,"minecraft:cave_spider":3,"vampirism:advanced_vampire":1,"graveyard:skeleton_creeper":1,"minecraft:spider":12,"minecraft:skeleton":31,"minecraft:silverfish":2,"irons_spellbooks:summoned_skeleton":1,"iceandfire:myrmex_worker":1,"irons_spellbooks:necromancer":2,"minecraft:creeper":4,"vampirism:hunter":1,"minecraft:sheep":4,"minecraft:pillager":33,"minecraft:zombie":5,"minecraft:stray":7,"minecraft:cow":8,"irons_spellbooks:summoned_zombie":5,"graveyard:nightmare":1,"minecraft:vindicator":6,"minecraft:slime":17,"minecraft:horse":3,"minecraft:husk":1,"iceandfire:myrmex_soldier":1,"iceandfire:ghost":4,"minecraft:enderman":1},"minecraft:mined":{"minecraft:dark_oak_planks":17,"minecraft:cut_sandstone_slab":3,"minecraft:jungle_leaves":3,"minecraft:brewing_stand":1,"minecraft:granite":40,"minecraft:acacia_log":9,"minecraft:grass_block":7,"minecraft:brown_wool":18,"minecraft:jungle_log":9,"minecraft:deepslate_bricks":1,"minecraft:polished_diorite":4,"minecraft:chiseled_stone_bricks":3,"minecraft:mossy_cobblestone_stairs":2,"minecraft:iron_ore":9,"minecraft:enchanting_table":2,"minecraft:brown_bed":2,"minecraft:water_cauldron":1,"minecraft:oak_stairs":3,"minecraft:quartz_slab":1,"minecraft:iron_bars":23,"minecraft:iron_block":2,"minecraft:tripwire":1,"minecraft:sandstone_slab":1,"minecraft:cut_sandstone":27,"minecraft:torch":15,"minecraft:melon":53,"iceandfire:ghost_chest":3,"minecraft:chest":1,"minecraft:cobblestone":35,"minecraft:sugar_cane":1,"minecraft:iron_door":4,"minecraft:smooth_sandstone_slab":4,"minecraft:wall_torch":13,"minecraft:jungle_wood":13,"minecraft:dark_oak_slab":1,"paraglider:horned_statue":1,"vampirism:dark_spruce_leaves":1,"minecraft:jukebox":1,"minecraft:light_gray_wool":1,"minecraft:tnt":1,"minecraft:stone_brick_stairs":5,"minecraft:grass":7,"minecraft:oak_log":37,"minecraft:sand":18,"minecraft:dirt":2,"minecraft:oak_leaves":13,"minecraft:tuff":1,"minecraft:mossy_cobblestone":19,"farmersdelight:wild_carrots":10,"minecraft:dark_oak_log":3,"vampirism:altar_pillar":1,"minecraft:nether_bricks":4,"minecraft:dark_oak_fence":15,"quark:jungle_chest":1,"minecraft:sandstone":57,"minecraft:hay_block":12,"minecraft:chiseled_sandstone":7,"minecraft:andesite":15,"minecraft:gold_block":5,"minecraft:bookshelf":72,"minecraft:vine":21,"minecraft:bamboo":2,"minecraft:stone":104,"sophisticatedbackpacks:backpack":1,"minecraft:acacia_leaves":4,"minecraft:redstone_block":7,"minecraft:glass_pane":2,"quark:dark_oak_chest":2,"minecraft:stripped_dark_oak_log":2,"minecraft:polished_granite":5,"minecraft:crafting_table":4,"minecraft:cobblestone_wall":2,"minecraft:black_wool":7,"minecraft:coal_ore":26,"minecraft:zombie_head":1,"minecraft:dripstone_block":3,"minecraft:cobweb":64,"minecraft:cracked_stone_bricks":6,"minecraft:acacia_planks":12,"minecraft:stone_bricks":23,"minecraft:mossy_stone_bricks":10,"minecraft:fern":1},"minecraft:picked_up":{"irons_spellbooks:scroll":4,"minecraft:iron_chestplate":1,"minecraft:wheat":11,"minecraft:redstone_block":7,"minecraft:oak_stairs":3,"minecraft:brown_bed":2,"minecraft:potion":1,"minecraft:enchanted_book":3,"minecraft:stone_brick_stairs":3,"minecraft:brewing_stand":2,"iceandfire:manuscript":34,"minecraft:string":105,"minecraft:cooked_salmon":20,"minecraft:zombie_head":1,"minecraft:experience_bottle":3,"minecraft:beetroot":15,"irons_spellbooks:arcane_essence":16,"mysticalagriculture:inferium_essence":35,"comforts:sleeping_bag_white":3,"iceandfire:myrmex_desert_resin":2,"minecraft:iron_pickaxe":3,"minecraft:melon_slice":542,"minecraft:tipped_arrow":3,"minecraft:stick":22,"iceandfire:ghost_chest":3,"minecraft:jukebox":1,"iceandfire:armor_copper_metal_leggings":1,"minecraft:torch":35,"minecraft:acacia_log":22,"tombstone:grave_dust":4,"minecraft:cauldron":1,"vampirism:blood_bottle":1,"minecraft:rotten_flesh":36,"minecraft:iron_block":2,"iceandfire:myrmex_desert_chitin":3,"supplementaries:ash":2,"minecraft:iron_bars":25,"minecraft:cobblestone":135,"minecraft:enchanting_table":4,"minecraft:cooked_beef":3,"minecraft:leather_chestplate":1,"minecraft:iron_door":5,"minecraft:andesite":15,"minecraft:jungle_log":9,"minecraft:golden_leggings":2,"minecraft:brown_wool":18,"minecraft:dark_oak_boat":3,"minecraft:jungle_wood":13,"minecraft:potato":74,"minecraft:tuff":1,"minecraft:lapis_lazuli":9,"minecraft:cut_sandstone_slab":2,"minecraft:dirt":9,"minecraft:name_tag":2,"minecraft:leather_boots":1,"minecraft:bone":71,"minecraft:acacia_planks":12,"minecraft:bow":3,"minecraft:wheat_seeds":28,"vampirism:altar_pillar":2,"vampirism:item_garlic":2,"minecraft:mossy_stone_bricks":9,"minecraft:bamboo":1,"minecraft:mossy_stone_brick_stairs":1,"irons_spellbooks:frozen_bone":11,"vampirism:ring":1,"iceandfire:dragon_skull_fire":1,"vampiresdelight:hardtack":3,"minecraft:sand":9,"minecraft:chiseled_sandstone":8,"minecraft:dark_oak_log":3,"minecraft:mossy_cobblestone":18,"minecraft:bundle":1,"minecraft:diamond":2,"minecraft:crossbow":9,"minecraft:granite":54,"minecraft:golden_apple":3,"minecraft:golden_horse_armor":3,"minecraft:chainmail_helmet":1,"minecraft:emerald":42,"minecraft:dark_oak_fence":21,"minecraft:cocoa_beans":9,"minecraft:crafting_table":4,"minecraft:sandstone_slab":2,"minecraft:gold_block":5,"quark:dark_oak_chest":2,"minecraft:iron_axe":2,"minecraft:quartz_slab":1,"minecraft:iron_shovel":1,"graveyard:corruption":2,"iceandfire:graveyard_soil":12,"minecraft:cracked_stone_bricks":2,"minecraft:beef":30,"minecraft:poppy":2,"graveyard:leaning_skeleton":1,"minecraft:light_gray_wool":2,"minecraft:chest":1,"minecraft:sugar_cane":4,"minecraft:raw_iron":19,"minecraft:sandstone":64,"iceandfire:dragonbone":11,"minecraft:copper_ingot":4,"graveyard:skull_with_rib_cage":2,"sophisticatedbackpacks:backpack":5,"minecraft:carrot":81,"minecraft:redstone":21,"minecraft:dark_oak_planks":19,"minecraft:smooth_sandstone_slab":9,"minecraft:tnt":1,"iceandfire:silver_ingot":2,"minecraft:arrow":175,"minecraft:beetroot_seeds":50,"minecraft:nether_bricks":5,"minecraft:sandstone_stairs":1,"minecraft:hay_block":12,"minecraft:saddle":3,"minecraft:gold_ingot":36,"paraglider:horned_statue":1,"minecraft:mutton":6,"minecraft:skeleton_skull":1,"minecraft:white_wool":9,"integrateddynamics:on_the_dynamics_of_integration":1,"minecraft:cut_sandstone":32,"minecraft:leather":34,"alexsmobs:acacia_blossom":1,"minecraft:oak_log":37,"minecraft:chainmail_chestplate":2,"iceandfire:ectoplasm":9,"minecraft:gunpowder":72,"minecraft:cobblestone_wall":2,"minecraft:paper":9,"minecraft:white_banner":3,"tombstone:gift":1,"irons_spellbooks:common_ink":3,"vampirism:human_heart":1,"minecraft:apple":4,"minecraft:stone_bricks":13,"minecraft:iron_ingot":52,"minecraft:cobweb":31,"tombstone:bag_of_seeds":1,"minecraft:iron_sword":1,"minecraft:book":444,"minecraft:oak_slab":1,"minecraft:dark_oak_slab":1,"minecraft:chiseled_stone_bricks":3,"minecraft:gravel":1,"minecraft:amethyst_shard":9,"minecraft:spider_eye":4,"minecraft:leather_helmet":1,"minecraft:slime_ball":13,"minecraft:polished_diorite":5,"minecraft:chainmail_leggings":1,"minecraft:iron_helmet":1,"minecraft:mossy_cobblestone_stairs":2,"minecraft:baked_potato":3,"tombstone:magic_scroll":4,"minecraft:black_wool":7,"minecraft:stripped_dark_oak_log":2,"minecraft:coal":41,"minecraft:ender_pearl":1}},"DataVersion":3465}