{"stats":{"minecraft:picked_up":{"irons_spellbooks:scroll":1,"minecraft:iron_chestplate":1,"minecraft:crafting_table":4,"minecraft:wheat":7,"minecraft:sandstone_slab":2,"minecraft:oak_stairs":3,"minecraft:brown_bed":2,"minecraft:gold_block":5,"minecraft:enchanted_book":2,"minecraft:stone_brick_stairs":3,"minecraft:brewing_stand":1,"iceandfire:manuscript":28,"minecraft:string":52,"minecraft:iron_axe":2,"minecraft:cooked_salmon":20,"minecraft:quartz_slab":1,"minecraft:experience_bottle":2,"minecraft:zombie_head":1,"minecraft:beetroot":15,"iceandfire:graveyard_soil":10,"irons_spellbooks:arcane_essence":7,"mysticalagriculture:inferium_essence":18,"comforts:sleeping_bag_white":3,"minecraft:beef":30,"iceandfire:myrmex_desert_resin":1,"minecraft:poppy":2,"minecraft:iron_pickaxe":1,"minecraft:light_gray_wool":2,"minecraft:melon_slice":414,"minecraft:sugar_cane":2,"minecraft:chest":1,"minecraft:sandstone":2,"minecraft:stick":4,"minecraft:raw_iron":19,"iceandfire:ghost_chest":3,"minecraft:copper_ingot":4,"minecraft:torch":6,"minecraft:acacia_log":22,"sophisticatedbackpacks:backpack":2,"tombstone:grave_dust":3,"minecraft:carrot":43,"minecraft:cauldron":1,"minecraft:dark_oak_planks":19,"minecraft:smooth_sandstone_slab":6,"iceandfire:silver_ingot":1,"minecraft:arrow":63,"minecraft:rotten_flesh":20,"minecraft:beetroot_seeds":25,"minecraft:hay_block":12,"minecraft:iron_block":2,"iceandfire:myrmex_desert_chitin":3,"minecraft:saddle":1,"minecraft:gold_ingot":3,"supplementaries:ash":2,"minecraft:mutton":6,"minecraft:iron_bars":9,"minecraft:skeleton_skull":1,"minecraft:white_wool":3,"minecraft:cobblestone":90,"minecraft:enchanting_table":2,"minecraft:iron_door":1,"integrateddynamics:on_the_dynamics_of_integration":1,"minecraft:brown_wool":18,"minecraft:leather":22,"minecraft:dark_oak_boat":2,"alexsmobs:acacia_blossom":1,"minecraft:potato":35,"minecraft:oak_log":31,"iceandfire:ectoplasm":9,"minecraft:cobblestone_wall":2,"minecraft:gunpowder":20,"minecraft:lapis_lazuli":9,"minecraft:cut_sandstone_slab":1,"minecraft:dirt":9,"minecraft:paper":9,"minecraft:white_banner":2,"tombstone:gift":1,"minecraft:leather_boots":1,"irons_spellbooks:common_ink":3,"minecraft:bone":14,"vampirism:human_heart":1,"minecraft:acacia_planks":7,"minecraft:stone_bricks":10,"minecraft:wheat_seeds":15,"vampirism:altar_pillar":2,"vampirism:item_garlic":2,"minecraft:iron_ingot":52,"minecraft:cobweb":9,"minecraft:bamboo":1,"minecraft:iron_sword":1,"minecraft:book":232,"minecraft:dark_oak_slab":1,"minecraft:chiseled_stone_bricks":1,"vampiresdelight:hardtack":3,"minecraft:sand":1,"minecraft:dark_oak_log":3,"minecraft:chiseled_sandstone":3,"minecraft:diamond":2,"minecraft:chainmail_leggings":1,"minecraft:iron_helmet":1,"minecraft:granite":4,"minecraft:crossbow":5,"minecraft:golden_apple":1,"minecraft:emerald":20,"tombstone:magic_scroll":2,"minecraft:black_wool":7,"minecraft:dark_oak_fence":15,"minecraft:stripped_dark_oak_log":2,"minecraft:coal":26},"minecraft:used":{"minecraft:iron_bars":3,"minecraft:shield":12,"minecraft:iron_sword":314,"minecraft:rotten_flesh":3,"minecraft:iron_chestplate":1,"minecraft:torch":32,"minecraft:dirt":9,"minecraft:cobblestone_wall":1,"minecraft:carrot":2,"minecraft:dark_oak_planks":14,"minecraft:quartz_slab":1,"minecraft:iron_axe":102,"minecraft:iron_block":2,"minecraft:oak_stairs":15,"minecraft:dark_oak_slab":1,"minecraft:stone_bricks":4,"minecraft:dark_oak_boat":2,"tombstone:gift":4,"minecraft:gold_block":3,"comforts:sleeping_bag_white":2,"minecraft:acacia_planks":12,"minecraft:brown_bed":3,"minecraft:stone_pickaxe":56,"minecraft:wooden_pickaxe":48,"minecraft:sandstone":1,"minecraft:sand":1,"minecraft:crafting_table":12,"quark:acacia_chest":1,"minecraft:white_bed":1,"minecraft:book":2,"sophisticatedbackpacks:backpack":2,"minecraft:chiseled_sandstone":3,"minecraft:dark_oak_log":1,"minecraft:bread":36,"minecraft:melon_slice":59,"minecraft:iron_pickaxe":92,"vampirism:altar_pillar":1,"minecraft:chiseled_stone_bricks":1,"vampiresdelight:hardtack":2,"minecraft:stone_axe":122,"quark:dark_oak_chest":3,"minecraft:cobblestone":71,"minecraft:white_banner":1,"minecraft:dark_oak_fence":6,"minecraft:sandstone_slab":1,"quark:oak_chest":1,"minecraft:oak_boat":1},"minecraft:killed":{"irons_spellbooks:summoned_zombie":1,"minecraft:spider":2,"minecraft:vindicator":6,"minecraft:skeleton":4,"minecraft:horse":3,"iceandfire:myrmex_worker":1,"minecraft:husk":1,"irons_spellbooks:necromancer":1,"minecraft:creeper":1,"vampirism:hunter":1,"minecraft:sheep":4,"minecraft:pillager":31,"minecraft:zombie":3,"iceandfire:myrmex_soldier":1,"iceandfire:ghost":4,"minecraft:cow":8},"minecraft:killed_by":{"minecraft:vindicator":1,"irons_spellbooks:necromancer":1,"iceandfire:lightning_dragon":1,"irons_spellbooks:archevoker":1,"iceandfire:fire_dragon":1},"minecraft:dropped":{"minecraft:enchanted_book":1,"minecraft:iron_sword":1,"minecraft:wheat_seeds":1,"minecraft:sandstone_slab":1,"minecraft:crossbow":3,"minecraft:acacia_log":7,"minecraft:golden_apple":1,"iceandfire:graveyard_soil":2,"minecraft:stick":4,"minecraft:iron_door":1,"tombstone:grave_dust":2,"minecraft:smooth_sandstone_slab":3,"minecraft:iron_axe":1,"minecraft:iron_pickaxe":1,"minecraft:dark_oak_planks":1,"minecraft:wheat":7,"minecraft:beetroot":15,"minecraft:chicken":1,"minecraft:poppy":2,"supplementaries:ash":2,"iceandfire:ghost_chest":2,"minecraft:leather_boots":1,"minecraft:bamboo":1,"minecraft:arrow":3,"minecraft:wooden_pickaxe":1},"minecraft:mined":{"minecraft:dark_oak_planks":17,"minecraft:cut_sandstone_slab":3,"farmersdelight:wild_carrots":10,"minecraft:dark_oak_log":3,"minecraft:brewing_stand":1,"vampirism:altar_pillar":1,"minecraft:dark_oak_fence":15,"minecraft:granite":8,"minecraft:acacia_log":9,"minecraft:grass_block":7,"minecraft:brown_wool":18,"minecraft:deepslate_bricks":1,"minecraft:sandstone":2,"minecraft:chiseled_stone_bricks":1,"minecraft:hay_block":12,"minecraft:iron_ore":9,"minecraft:chiseled_sandstone":3,"minecraft:gold_block":5,"minecraft:brown_bed":2,"minecraft:enchanting_table":2,"minecraft:bookshelf":72,"minecraft:vine":2,"minecraft:iron_bars":9,"minecraft:water_cauldron":1,"minecraft:quartz_slab":1,"minecraft:oak_stairs":3,"minecraft:bamboo":2,"minecraft:stone":65,"minecraft:iron_block":2,"sophisticatedbackpacks:backpack":1,"minecraft:sandstone_slab":1,"minecraft:acacia_leaves":4,"minecraft:glass_pane":2,"minecraft:stripped_dark_oak_log":2,"minecraft:polished_granite":5,"minecraft:torch":2,"minecraft:crafting_table":4,"minecraft:melon":53,"iceandfire:ghost_chest":3,"minecraft:chest":1,"minecraft:cobblestone":29,"minecraft:sugar_cane":1,"minecraft:smooth_sandstone_slab":4,"minecraft:iron_door":1,"minecraft:wall_torch":1,"minecraft:dark_oak_slab":1,"minecraft:cobblestone_wall":2,"vampirism:dark_spruce_leaves":1,"minecraft:light_gray_wool":1,"minecraft:stone_brick_stairs":4,"minecraft:black_wool":7,"minecraft:grass":7,"minecraft:coal_ore":11,"minecraft:oak_log":31,"minecraft:zombie_head":1,"minecraft:dirt":2,"minecraft:sand":1,"minecraft:dripstone_block":3,"minecraft:cobweb":50,"minecraft:cracked_stone_bricks":2,"minecraft:acacia_planks":7,"minecraft:stone_bricks":13,"minecraft:oak_leaves":13,"minecraft:fern":1},"minecraft:crafted":{"minecraft:oak_planks":124,"minecraft:dark_oak_boat":1,"comforts:sleeping_bag_white":1,"craftable_elytra_remastered:elytra_side":1,"quark:dark_oak_chest":3,"quark:acacia_chest":1,"minecraft:iron_axe":2,"minecraft:stone_pickaxe":2,"minecraft:dark_oak_planks":36,"minecraft:wheat":108,"minecraft:emerald":9,"sophisticatedbackpacks:backpack":2,"minecraft:crafting_table":8,"minecraft:wooden_pickaxe":1,"minecraft:iron_sword":2,"minecraft:brown_bed":1,"minecraft:stone_axe":1,"minecraft:bread":36,"minecraft:oak_boat":1,"minecraft:iron_chestplate":1,"minecraft:shield":1,"minecraft:stick":28,"quark:oak_chest":2,"minecraft:iron_ingot":18,"minecraft:iron_pickaxe":1,"minecraft:oak_stairs":12,"minecraft:gold_ingot":45,"minecraft:white_bed":1,"minecraft:acacia_planks":36,"minecraft:torch":20},"minecraft:broken":{"minecraft:leather_boots":1,"minecraft:stone_axe":1,"minecraft:iron_sword":1},"minecraft:custom":{"minecraft:inspect_dropper":2,"minecraft:mob_kills":74,"minecraft:interact_with_crafting_table":44,"minecraft:open_barrel":11,"minecraft:leave_game":12,"minecraft:time_since_death":35408,"minecraft:climb_one_cm":9737,"minecraft:sprint_one_cm":537878,"minecraft:walk_one_cm":443724,"minecraft:damage_blocked_by_shield":321,"minecraft:drop":32,"minecraft:play_time":199150,"minecraft:sneak_time":11035,"minecraft:deaths":6,"minecraft:walk_under_water_one_cm":38811,"minecraft:boat_one_cm":363735,"minecraft:interact_with_lectern":2,"minecraft:interact_with_brewingstand":1,"minecraft:jump":3678,"minecraft:walk_on_water_one_cm":43399,"minecraft:total_world_time":199323,"minecraft:interact_with_furnace":6,"tombstone:raider_killed":37,"minecraft:sleep_in_bed":9,"minecraft:time_since_rest":26138,"minecraft:damage_taken":3888,"minecraft:damage_dealt":16275,"minecraft:swim_one_cm":75715,"minecraft:fly_one_cm":766927,"minecraft:open_chest":212,"minecraft:crouch_one_cm":31581,"tombstone:undead_killed":14,"minecraft:interact_with_smoker":1,"minecraft:fall_one_cm":77516,"minecraft:inspect_dispenser":1}},"DataVersion":3465}