{"stats":{"minecraft:crafted":{"securitycraft:portable_radar":6,"minecraft:oak_planks":492,"storagenetwork:kabel":56,"quark:birch_chest":35,"minecraft:stone":6,"minecraft:birch_planks":280,"quark:oak_chest":61,"minecraft:chest":98,"minecraft:white_bed":1,"minecraft:redstone_torch":6,"storagenetwork:storage_kabel":32},"minecraft:killed_by":{"endofherobrine:villager":1,"iceandfire:lightning_dragon":7,"minecraft:zombie":1,"vampirism:vampire":1},"minecraft:used":{"minecraft:oak_planks":1,"minecraft:baked_potato":26,"storagenetwork:request":1,"storagenetwork:kabel":36,"minecraft:chest":160,"minecraft:diamond_axe":341,"minecraft:torch":6,"minecraft:dirt":9,"minecraft:white_bed":1,"minecraft:wooden_hoe":2,"minecraft:diamond_pickaxe":16,"minecraft:diamond_shovel":14,"minecraft:diamond_sword":52,"minecraft:cobblestone":1,"tombstone:gift":1,"comforts:sleeping_bag_white":2,"minecraft:potato":2,"storagenetwork:storage_kabel":69,"alexsmobs:emu_egg":1},"minecraft:dropped":{"minecraft:wheat_seeds":1,"minecraft:dirt":1},"minecraft:picked_up":{"storagenetwork:storage_kabel":11,"iceandfire:dragon_skull_lightning":2,"minecraft:birch_log":76,"immersive_armors:bone_helmet":1,"minecraft:crafting_table":1,"vampirism:vampire_blood_bottle":1,"minecraft:wheat":1,"minecraft:clock":2,"minecraft:feather":1,"minecraft:clay_ball":7,"storagenetwork:request":1,"minecraft:andesite":27,"integrateddynamics:crystalized_menril_chunk":5,"integrateddynamics:on_the_dynamics_of_integration":1,"minecraft:lead":4,"minecraft:wooden_pickaxe":1,"minecraft:potato":2,"minecraft:enchanted_book":3,"minecraft:wither_rose":1,"minecraft:potion":1,"paraglider:spirit_orb":2,"minecraft:diamond_horse_armor":1,"minecraft:flint":11,"minecraft:oak_log":140,"iceandfire:ectoplasm":6,"minecraft:brewing_stand":1,"alexsmobs:gazelle_horn":2,"minecraft:music_disc_cat":1,"minecraft:lapis_lazuli":58,"minecraft:dirt":194,"minecraft:moss_carpet":3,"tombstone:gift":1,"alexsmobs:ancient_dart":1,"minecraft:iron_axe":1,"integrateddynamics:menril_log":38,"minecraft:name_tag":3,"farmersdelight:organic_compost":1,"minecraft:compass":2,"minecraft:iron_shovel":1,"minecraft:zombie_head":1,"minecraft:bone":72,"minecraft:acacia_planks":2,"minecraft:apple":14,"minecraft:cobbled_deepslate":42,"minecraft:wheat_seeds":12,"mysticalagriculture:inferium_essence":9,"immersive_paintings:graffiti":8,"minecraft:wild_armor_trim_smithing_template":2,"minecraft:raw_gold":17,"comforts:sleeping_bag_white":1,"minecraft:rabbit_hide":6,"integrateddynamics:menril_sapling":2,"minecraft:iron_ingot":61,"minecraft:red_dye":14,"minecraft:cobweb":6,"minecraft:redstone_torch":3,"minecraft:player_head":1,"minecraft:mossy_stone_bricks":6,"minecraft:bamboo":1,"minecraft:glass_bottle":8,"minecraft:glowstone_dust":2,"minecraft:sugar_cane":10,"minecraft:chest":69,"minecraft:oak_planks":1,"minecraft:acacia_sapling":1,"minecraft:phantom_membrane":5,"minecraft:iron_boots":1,"minecraft:tipped_arrow":5,"iceandfire:dragonbone":29,"minecraft:stick":8,"minecraft:raw_iron":3,"iceandfire:copper_nugget":230,"irons_spellbooks:frozen_bone":41,"minecraft:acacia_fence":4,"minecraft:jukebox":1,"minecraft:music_disc_13":1,"minecraft:copper_ingot":7,"minecraft:torch":11,"vampirism:ring":1,"minecraft:acacia_log":5,"minecraft:gravel":28,"farmersdelight:tomato_seeds":1,"iceandfire:crackled_gravel":10,"minecraft:music_disc_pigstep":1,"minecraft:stone_button":12,"tombstone:grave_dust":8,"vampirism:vampire_fang":1,"sophisticatedbackpacks:jukebox_upgrade":1,"minecraft:diorite":33,"minecraft:carrot":1,"minecraft:acacia_stairs":6,"minecraft:stone_pressure_plate":3,"minecraft:tnt":4,"iceandfire:silver_ingot":2,"minecraft:arrow":21,"minecraft:rotten_flesh":5,"minecraft:slime_ball":5,"minecraft:shears":1,"minecraft:iron_helmet":1,"minecraft:granite":128,"alexsmobs:emu_egg":1,"minecraft:golden_apple":1,"minecraft:saddle":3,"minecraft:gold_ingot":1,"minecraft:emerald":1,"minecraft:baked_potato":5,"minecraft:oak_sapling":9,"minecraft:acacia_slab":1,"storagenetwork:kabel":4,"minecraft:oak_leaves":3,"exoticbirds:raw_birdmeat":1,"minecraft:cobblestone":389},"minecraft:broken":{"minecraft:iron_leggings":1,"minecraft:chainmail_helmet":1},"minecraft:mined":{"iceandfire:copper_pile":2,"minecraft:torch":3,"storagenetwork:request":1,"minecraft:grass_block":10,"minecraft:chest":68,"storagenetwork:storage_kabel":11,"minecraft:tall_grass":2,"minecraft:oak_planks":1,"minecraft:wall_torch":4,"minecraft:birch_log":77,"minecraft:birch_leaves":8,"minecraft:grass":16,"minecraft:oak_log":140,"minecraft:dirt":6,"minecraft:stone":1,"storagenetwork:kabel":4,"minecraft:oak_leaves":40},"minecraft:custom":{"minecraft:interact_with_furnace":5,"minecraft:interact_with_crafting_table":1,"minecraft:leave_game":2,"minecraft:time_since_death":126,"minecraft:sleep_in_bed":6,"minecraft:time_since_rest":1,"minecraft:sprint_one_cm":155985,"minecraft:damage_taken":4055,"minecraft:walk_one_cm":181585,"minecraft:drop":2,"minecraft:damage_dealt":941,"minecraft:swim_one_cm":208121,"minecraft:fly_one_cm":531397,"minecraft:open_chest":61,"minecraft:crouch_one_cm":256,"minecraft:play_time":124758,"minecraft:deaths":11,"minecraft:sneak_time":1897,"minecraft:walk_under_water_one_cm":3302,"minecraft:jump":1895,"minecraft:walk_on_water_one_cm":38945,"minecraft:total_world_time":124758,"minecraft:interact_with_smoker":4,"minecraft:fall_one_cm":58286}},"DataVersion":3465}