{"stats":{"minecraft:mined":{"minecraft:white_bed":1,"minecraft:farmland":2,"iceandfire:graveyard_soil":4,"minecraft:brewing_stand":1,"minecraft:obsidian":2,"minecraft:granite":159,"minecraft:acacia_log":6,"minecraft:grass_block":1480,"friendsandfoes:oxidized_lightning_rod":1,"integrateddynamics:menril_log":123,"minecraft:oak_wall_sign":1,"mysticalagriculture:inferium_ore":3,"friendsandfoes:oxidized_copper_button":1,"comforts:sleeping_bag_white":2,"minecraft:glowstone":1,"minecraft:mossy_cobblestone_stairs":1,"minecraft:iron_ore":158,"minecraft:fire":2,"graveyard:ossuary":1,"minecraft:pumpkin":8,"minecraft:deepslate_lapis_ore":4,"vampirism:tent":1,"mcwbridges:bridge_torch":4,"minecraft:oak_sign":1,"minecraft:oak_stairs":6,"minecraft:iron_bars":14,"minecraft:deepslate_redstone_ore":27,"minecraft:red_bed":6,"minecraft:deepslate_brick_wall":2,"minecraft:smoker":2,"storagenetwork:inventory":2,"minecraft:torch":18,"minecraft:melon":5,"iceandfire:ghost_chest":1,"storagenetwork:request":1,"minecraft:oxidized_copper":1,"minecraft:calcite":32,"minecraft:poppy":7,"minecraft:chest":45,"minecraft:nether_quartz_ore":61,"minecraft:cobblestone":40,"minecraft:damaged_anvil":1,"minecraft:oak_planks":32,"minecraft:iron_door":1,"minecraft:wall_torch":28,"minecraft:skeleton_skull":4,"storagenetwork:import_kabel":3,"mysticalagriculture:soulium_ore":1,"minecraft:birch_log":12,"minecraft:tnt":2,"minecraft:jukebox":1,"minecraft:light_gray_wool":1,"integrateddynamics:menril_log_filled":7,"minecraft:stone_brick_stairs":2,"minecraft:wither_rose":1,"minecraft:grass":117,"minecraft:oak_log":175,"minecraft:acacia_fence":1,"minecraft:sand":70,"minecraft:dirt":1730,"quark:hollow_oak_log":1,"mysticalagriculture:deepslate_prosperity_ore":3,"integrateddynamics:menril_leaves":34,"minecraft:netherrack":173,"minecraft:oak_leaves":60,"minecraft:deepslate":871,"minecraft:redstone_lamp":1,"minecraft:infested_deepslate":2,"minecraft:nether_gold_ore":11,"mysticalagriculture:prosperity_ore":6,"minecraft:diamond_ore":1,"mysticalagriculture:soulstone":2,"minecraft:tuff":57,"iceandfire:silver_ore":6,"minecraft:mossy_cobblestone":2,"minecraft:deepslate_diamond_ore":57,"minecraft:sea_lantern":2,"minecraft:soul_campfire":1,"quark:acacia_chest":4,"minecraft:hay_block":28,"minecraft:furnace":12,"minecraft:acacia_stairs":1,"minecraft:andesite":114,"minecraft:mossy_stone_brick_stairs":1,"minecraft:potatoes":143,"minecraft:deepslate_iron_ore":58,"minecraft:vine":10,"minecraft:stone":2098,"minecraft:cake":2,"minecraft:redstone_wall_torch":3,"farmersdelight:cooking_pot":2,"minecraft:acacia_leaves":4,"minecraft:basalt":1,"deep_dark_regrowth:infected_mushroom":2,"minecraft:crafting_table":7,"minecraft:cornflower":10,"minecraft:emerald_ore":8,"storagenetwork:storage_kabel":4,"minecraft:copper_ore":12,"minecraft:campfire":2,"minecraft:tall_grass":18,"endofherobrine:glowing_obsidian":1,"minecraft:lapis_ore":9,"minecraft:deepslate_gold_ore":11,"endofherobrine:mossy_stone_bricks":6,"minecraft:sculk":23,"minecraft:diorite":41,"minecraft:coarse_dirt":2,"minecraft:birch_leaves":1,"minecraft:white_wall_banner":1,"minecraft:coal_ore":166,"vampirism:fire_place":1,"minecraft:gravel":71,"minecraft:cobweb":4,"minecraft:cracked_stone_bricks":13,"minecraft:stone_bricks":10,"storagenetwork:kabel":7,"minecraft:mossy_stone_bricks":10,"minecraft:gold_ore":15},"minecraft:broken":{"minecraft:golden_helmet":1,"minecraft:iron_shovel":2,"minecraft:golden_shovel":2,"minecraft:chainmail_boots":1,"minecraft:stone_pickaxe":2,"minecraft:diamond_shovel":1,"minecraft:diamond_pickaxe":1,"minecraft:wooden_axe":1,"securitycraft:universal_block_reinforcer_lvl1":3,"minecraft:iron_axe":1,"minecraft:iron_pickaxe":7},"minecraft:dropped":{"minecraft:porkchop":2,"minecraft:golden_pickaxe":1,"minecraft:glass_bottle":9,"minecraft:honeycomb":6,"minecraft:cracked_stone_bricks":1,"paraglider:spirit_orb":2,"tombstone:bag_of_seeds":1,"minecraft:grass":1,"minecraft:mutton":1,"minecraft:wooden_sword":4,"minecraft:gold_nugget":21,"minecraft:phantom_membrane":5,"friendsandfoes:oxidized_copper_button":1,"minecraft:gold_ingot":12,"farmersdelight:mutton_chops":4,"minecraft:bone":2,"minecraft:compass":2,"minecraft:sugar_cane":10,"minecraft:lever":1,"alexsmobs:animal_dictionary":1,"alexscaves:cave_tablet":1,"tombstone:gift":2,"minecraft:rotten_flesh":20,"minecraft:diamond_shovel":1,"minecraft:carrot":1,"minecraft:rabbit_hide":6,"minecraft:gunpowder":17,"vampirism:vampire_blood_bottle":1,"vampirism:vampire_fang":1,"minecraft:charcoal":2,"mysticalagriculture:inferium_essence":9,"friendsandfoes:oxidized_lightning_rod":1,"minecraft:leather_leggings":1,"minecraft:iron_bars":1,"minecraft:arrow":1,"minecraft:stone_brick_stairs":4,"iceandfire:manuscript":5,"minecraft:iron_ingot":16,"integrateddynamics:menril_sapling":1,"minecraft:clock":2,"minecraft:tnt":4,"minecraft:iron_helmet":1,"minecraft:apple":3,"minecraft:chainmail_helmet":1,"minecraft:acacia_log":10,"minecraft:stick":2,"minecraft:cobweb":6,"minecraft:brewing_stand":1,"minecraft:torch":2,"tombstone:grave_dust":4,"minecraft:potion":1,"minecraft:mossy_cobblestone_stairs":1,"vampirism:ring":3,"minecraft:iron_shovel":1,"minecraft:string":22,"irons_spellbooks:frozen_bone":3,"minecraft:music_disc_cat":2,"minecraft:dandelion":1,"minecraft:player_head":1,"minecraft:jukebox":1,"minecraft:light_gray_wool":1,"spartanweaponry:bolt":5,"alexsmobs:ancient_dart":1,"minecraft:oak_sign":1,"minecraft:diamond_sword":1,"minecraft:shield":1,"farmersdelight:minced_beef":2,"minecraft:spider_eye":1,"minecraft:bow":1,"minecraft:stone_pickaxe":1,"minecraft:brick":8},"minecraft:used":{"minecraft:iron_shovel":503,"minecraft:chest":62,"minecraft:shield":1,"minecraft:stone":1,"securitycraft:keypad_item":1,"minecraft:tuff":2,"minecraft:lava_bucket":11,"minecraft:obsidian":1,"exoticbirds:raw_birdmeat":8,"iceandfire:ghost_chest":1,"minecraft:stone_bricks":3,"minecraft:oak_sapling":2,"minecraft:furnace":11,"minecraft:acacia_fence":1,"minecraft:potato":311,"storagenetwork:storage_kabel":4,"minecraft:mossy_stone_bricks":3,"minecraft:damaged_anvil":1,"securitycraft:door_indestructible_iron_item":4,"minecraft:oak_planks":546,"minecraft:stone_pickaxe":262,"minecraft:wooden_pickaxe":48,"securitycraft:keypad_frame":2,"vampirism:human_heart":1,"minecraft:diamond_axe":190,"integrateddynamics:menril_log":6,"minecraft:golden_apple":1,"minecraft:sand":10,"securitycraft:universal_block_remover":49,"integrateddynamics:menril_berries":24,"immersive_paintings:graffiti":3,"minecraft:bread":101,"minecraft:deepslate":1,"tombstone:grave_key":6,"minecraft:gravel":5,"minecraft:diamond_sword":607,"storagenetwork:import_kabel":4,"minecraft:bone_meal":2,"minecraft:experience_bottle":2,"spartanweaponry:studded_club":55,"minecraft:iron_bars":2,"minecraft:flint_and_steel":3,"storagenetwork:request":2,"storagenetwork:kabel":10,"minecraft:netherrack":24,"minecraft:torch":235,"minecraft:dirt":675,"farmersdelight:flint_knife":23,"minecraft:golden_shovel":66,"securitycraft:reinforced_stone":9,"farmersdelight:bacon":2,"minecraft:granite":14,"securitycraft:reinforced_dirt":4,"minecraft:wooden_axe":57,"alexsmobs:maggot":1,"integrateddynamics:menril_sapling":5,"minecraft:iron_axe":251,"minecraft:oak_stairs":30,"storagenetwork:master":1,"minecraft:light_gray_wool":1,"minecraft:soul_soil":1,"minecraft:oxidized_copper":1,"farmersdelight:cooking_pot":1,"tombstone:gift":2,"comforts:sleeping_bag_white":23,"minecraft:cooked_beef":7,"minecraft:cobbled_deepslate":74,"minecraft:water_bucket":21,"securitycraft:reinforced_oak_planks":11,"storagenetwork:inventory":2,"minecraft:cracked_stone_bricks":4,"farmersdelight:onion":13,"minecraft:mossy_cobblestone":2,"minecraft:red_bed":7,"minecraft:crafting_table":8,"minecraft:white_bed":1,"minecraft:smoker":2,"minecraft:oak_log":5,"minecraft:diamond_pickaxe":2630,"minecraft:wooden_hoe":168,"minecraft:acacia_stairs":1,"minecraft:apple":21,"minecraft:diamond_shovel":2577,"mcwbridges:bridge_torch":6,"minecraft:iron_pickaxe":1543,"minecraft:potion":1,"minecraft:cobblestone":303,"minecraft:cooked_porkchop":4,"minecraft:bucket":34,"alexsmobs:animal_dictionary":3},"minecraft:killed_by":{"vampirism:advanced_vampire":3,"minecraft:creeper":1,"endofherobrine:sheep":1,"minecraft:silverfish":1,"minecraft:zombie":2,"minecraft:stray":1,"endofherobrine:villager":1,"minecraft:skeleton":1,"iceandfire:ghost":1,"cave_dweller:cave_dweller":1},"minecraft:killed":{"vampirism:vampire":2,"vampirism:advanced_vampire":1,"minecraft:spider":3,"exoticbirds:cardinal":1,"minecraft:skeleton":7,"vampirism:blinding_bat":1,"minecraft:silverfish":17,"minecraft:pig":1,"minecraft:salmon":1,"minecraft:creeper":2,"vampirism:hunter":2,"minecraft:sheep":6,"minecraft:pillager":2,"minecraft:zombie":24,"minecraft:stray":10,"minecraft:cow":4,"exoticbirds:peafowl":1,"minecraft:horse":2,"quark:foxhound":1,"exoticbirds:ostrich":1,"alexsmobs:rhinoceros":1,"iceandfire:ghost":2,"exoticbirds:pigeon":2,"alexsmobs:gazelle":2,"endofherobrine:sheep":19},"minecraft:crafted":{"minecraft:oak_planks":652,"minecraft:cobblestone_slab":12,"minecraft:stone":60,"minecraft:diamond_shovel":2,"sophisticatedbackpacks:crafting_upgrade":1,"securitycraft:keypad_item":1,"minecraft:heavy_weighted_pressure_plate":1,"minecraft:glass":57,"securitycraft:laser_block":7,"sophisticatedbackpacks:smelting_upgrade":1,"minecraft:hopper":1,"tombstone:grave_key":6,"minecraft:chest":15,"minecraft:iron_door":3,"minecraft:dropper":1,"storagenetwork:kabel":40,"minecraft:diamond_axe":1,"minecraft:crafting_table":7,"securitycraft:reinforced_stone_button":9,"minecraft:wooden_pickaxe":1,"minecraft:copper_ingot":7,"storagenetwork:master":1,"minecraft:birch_planks":4,"sophisticatedbackpacks:upgrade_base":2,"minecraft:diamond_pickaxe":2,"sophisticatedbackpacks:diamond_backpack":1,"minecraft:stick":88,"minecraft:stone_slab":12,"quark:oak_chest":7,"minecraft:iron_ingot":162,"minecraft:iron_pickaxe":6,"minecraft:gold_ingot":5,"minecraft:shears":2,"securitycraft:universal_block_reinforcer_lvl1":7,"minecraft:wooden_sword":1,"comforts:sleeping_bag_white":1,"minecraft:bone_meal":3,"integrateddynamics:menril_planks":76,"securitycraft:keypad_frame":1,"immersive_paintings:graffiti":8,"minecraft:glass_pane":32,"minecraft:flint_and_steel":1,"quark:acacia_chest":4,"minecraft:iron_axe":1,"securitycraft:universal_block_remover":1,"minecraft:stone_pickaxe":2,"sophisticatedbackpacks:iron_backpack":1,"minecraft:wheat":252,"minecraft:red_dye":21,"minecraft:diamond_sword":1,"travelersbackpack:backpack_tank":2,"sophisticatedbackpacks:gold_backpack":1,"minecraft:golden_shovel":2,"mcwbridges:bridge_torch":2,"minecraft:bucket":3,"minecraft:bread":85,"minecraft:air":0,"securitycraft:door_indestructible_iron_item":2,"storagenetwork:inventory":1,"minecraft:oak_stairs":24,"minecraft:wooden_axe":1,"minecraft:iron_shovel":2,"storagenetwork:request":1,"storagenetwork:import_kabel":4,"minecraft:acacia_planks":4,"storagenetwork:storage_kabel":4,"minecraft:torch":76},"minecraft:custom":{"vampiresdelight:disgusting_food_consumed":1,"minecraft:interact_with_crafting_table":82,"minecraft:eat_cake_slice":7,"minecraft:leave_game":13,"minecraft:time_since_death":178861,"minecraft:damage_blocked_by_shield":110,"minecraft:sprint_one_cm":976648,"minecraft:drop":100,"minecraft:talked_to_villager":20,"minecraft:play_time":943981,"minecraft:deaths":17,"minecraft:jump":7898,"minecraft:walk_on_water_one_cm":86628,"minecraft:interact_with_furnace":38,"minecraft:sleep_in_bed":48,"minecraft:damage_dealt":18519,"minecraft:crouch_one_cm":2442,"tombstone:undead_killed":43,"minecraft:interact_with_smoker":4,"minecraft:interact_with_anvil":2,"minecraft:mob_kills":119,"minecraft:damage_dealt_resisted":43,"minecraft:climb_one_cm":10084,"minecraft:walk_one_cm":1610604,"minecraft:damage_dealt_absorbed":40,"minecraft:sneak_time":1543,"minecraft:walk_under_water_one_cm":20557,"minecraft:total_world_time":943981,"vampirism:blood_drunk":2000,"tombstone:raider_killed":2,"minecraft:time_since_rest":10380,"minecraft:damage_taken":10680,"minecraft:damage_absorbed":40,"minecraft:trigger_trapped_chest":2,"minecraft:swim_one_cm":255167,"minecraft:fly_one_cm":1454945,"minecraft:open_chest":540,"minecraft:fall_one_cm":202162},"minecraft:picked_up":{"storagenetwork:storage_kabel":4,"minecraft:iron_chestplate":2,"minecraft:wheat":31,"minecraft:lead":10,"minecraft:diamond_sword":1,"quark:hollow_oak_log":1,"alexscaves:cave_tablet":3,"minecraft:oak_stairs":6,"minecraft:enchanted_book":3,"minecraft:wither_rose":2,"minecraft:potion":3,"minecraft:stone_brick_stairs":4,"tombstone:grave_key":1,"securitycraft:reinforced_oak_planks":23,"minecraft:brewing_stand":4,"iceandfire:manuscript":5,"alexsmobs:gazelle_horn":4,"minecraft:music_disc_cat":9,"minecraft:string":63,"minecraft:soul_soil":1,"minecraft:raw_copper":59,"alexsmobs:ancient_dart":3,"integrateddynamics:menril_log":221,"minecraft:armor_stand":3,"minecraft:experience_bottle":2,"minecraft:zombie_head":1,"securitycraft:reinforced_dirt":4,"minecraft:oak_sign":3,"mysticalagriculture:inferium_essence":61,"minecraft:gold_nugget":107,"minecraft:cobbled_deepslate":1445,"comforts:sleeping_bag_white":23,"integrateddynamics:menril_sapling":18,"minecraft:red_dye":14,"mcwbridges:bridge_torch":4,"minecraft:redstone_torch":6,"minecraft:iron_pickaxe":4,"minecraft:melon_slice":63,"farmersdelight:cabbage_seeds":12,"minecraft:iron_boots":1,"minecraft:furnace":12,"minecraft:tipped_arrow":14,"minecraft:golden_helmet":1,"minecraft:stick":75,"iceandfire:ghost_chest":1,"minecraft:acacia_fence":1,"minecraft:jukebox":3,"minecraft:deepslate_brick_wall":4,"minecraft:torch":71,"mysticalagriculture:prosperity_shard":12,"minecraft:acacia_log":51,"minecraft:porkchop":26,"tombstone:grave_dust":19,"vampirism:vampire_fang":3,"minecraft:diorite":80,"minecraft:music_disc_pigstep":1,"minecraft:golden_chestplate":3,"minecraft:rotten_flesh":47,"alexsmobs:emu_egg":2,"supplementaries:ash":4,"minecraft:obsidian":1,"minecraft:iron_bars":19,"minecraft:cobblestone":3330,"minecraft:birch_log":23,"immersive_armors:bone_helmet":2,"spartanweaponry:iron_warhammer":2,"minecraft:leather_chestplate":1,"minecraft:feather":12,"minecraft:oxidized_copper":1,"minecraft:iron_door":3,"minecraft:andesite":251,"integrateddynamics:crystalized_menril_chunk":16,"minecraft:golden_leggings":1,"minecraft:smoker":2,"minecraft:potato":463,"farmersdelight:bacon":2,"paraglider:spirit_orb":6,"minecraft:flint":17,"minecraft:tuff":112,"minecraft:lapis_lazuli":158,"minecraft:dirt":5985,"minecraft:name_tag":6,"farmersdelight:mutton_chops":16,"minecraft:leather_boots":1,"securitycraft:reinforced_stone_button":1,"minecraft:glass":59,"minecraft:bone":136,"travelersbackpack:backpack_tank":4,"farmersdelight:iron_knife":3,"minecraft:bow":1,"minecraft:wheat_seeds":148,"immersive_paintings:graffiti":11,"minecraft:raw_gold":56,"mysticalagriculture:soulium_dust":1,"minecraft:mossy_stone_bricks":17,"minecraft:bamboo":2,"minecraft:glowstone_dust":4,"minecraft:honeycomb":6,"minecraft:oak_planks":32,"irons_spellbooks:frozen_bone":85,"minecraft:cooked_porkchop":2,"minecraft:music_disc_13":1,"vampirism:ring":5,"minecraft:poisonous_potato":5,"minecraft:sand":67,"securitycraft:reinforced_stone":46,"sophisticatedbackpacks:jukebox_upgrade":1,"minecraft:acacia_stairs":13,"alexsmobs:animal_dictionary":5,"minecraft:mossy_cobblestone":1,"minecraft:bundle":1,"minecraft:diamond":83,"minecraft:lever":1,"minecraft:crossbow":2,"minecraft:granite":289,"minecraft:grass":1,"minecraft:bone_meal":2,"minecraft:golden_apple":1,"minecraft:chainmail_helmet":1,"minecraft:emerald":34,"minecraft:bread":8,"alexsmobs:maggot":1,"minecraft:oak_sapling":17,"minecraft:netherrack":169,"iceandfire:raw_silver":12,"iceandfire:dragon_skull_lightning":3,"minecraft:charcoal":4,"mysticalagriculture:soulstone_cobble":2,"minecraft:crafting_table":8,"minecraft:clay_ball":14,"storagenetwork:request":1,"exoticbirds:pigeon_egg":1,"minecraft:leather_leggings":1,"minecraft:golden_pickaxe":3,"minecraft:redstone_lamp":3,"minecraft:wooden_pickaxe":1,"minecraft:diamond_horse_armor":1,"spartanweaponry:studded_club":2,"minecraft:brick":24,"exoticbirds:bluejay_egg":1,"minecraft:cornflower":30,"minecraft:red_bed":7,"minecraft:iron_axe":4,"minecraft:wooden_sword":6,"minecraft:flint_and_steel":1,"minecraft:compass":8,"minecraft:iron_shovel":3,"minecraft:glass_pane":4,"minecraft:cracked_stone_bricks":11,"integrateddynamics:menril_berries":38,"securitycraft:keypad_frame":1,"minecraft:beef":24,"minecraft:player_head":4,"minecraft:iron_nugget":13,"minecraft:poppy":155,"minecraft:light_gray_wool":5,"minecraft:sugar_cane":30,"minecraft:chest":48,"minecraft:phantom_membrane":15,"minecraft:raw_iron":225,"iceandfire:dragonbone":38,"farmersdelight:minced_beef":2,"minecraft:copper_ingot":7,"sophisticatedbackpacks:backpack":1,"farmersdelight:tomato_seeds":2,"minecraft:stone_button":2,"minecraft:carrot":3,"minecraft:redstone":162,"friendsandfoes:oxidized_copper_button":1,"minecraft:prismarine_crystals":10,"minecraft:stone_pressure_plate":6,"minecraft:tnt":21,"storagenetwork:inventory":2,"iceandfire:silver_ingot":2,"minecraft:arrow":65,"quark:acacia_chest":4,"minecraft:shears":1,"minecraft:hay_block":28,"minecraft:saddle":3,"minecraft:gold_ingot":60,"minecraft:mutton":50,"minecraft:skeleton_skull":14,"exoticbirds:raw_birdmeat":14,"minecraft:white_wool":15,"minecraft:clock":6,"vampirism:vampire_blood_bottle":4,"minecraft:salmon":3,"minecraft:leather":8,"integrateddynamics:on_the_dynamics_of_integration":3,"minecraft:red_mushroom":4,"minecraft:oak_log":193,"minecraft:chainmail_chestplate":4,"iceandfire:ectoplasm":12,"minecraft:gunpowder":92,"storagenetwork:import_kabel":3,"farmersdelight:flint_knife":5,"minecraft:wooden_hoe":4,"tombstone:gift":3,"minecraft:white_banner":3,"vampirism:human_heart":1,"minecraft:apple":23,"minecraft:stone_bricks":9,"farmersdelight:cooking_pot":4,"minecraft:wild_armor_trim_smithing_template":4,"minecraft:rabbit_hide":18,"minecraft:iron_ingot":177,"minecraft:stone_pickaxe":3,"minecraft:cobweb":18,"securitycraft:universal_block_reinforcer_lvl1":4,"tombstone:bag_of_seeds":1,"minecraft:glass_bottle":24,"minecraft:acacia_sapling":2,"friendsandfoes:oxidized_lightning_rod":1,"minecraft:pumpkin":24,"vampirism:fire_place":3,"minecraft:quartz":60,"minecraft:dandelion":1,"minecraft:gravel":139,"minecraft:lava_bucket":1,"minecraft:white_bed":1,"minecraft:spider_eye":3,"minecraft:diamond_shovel":1,"minecraft:slime_ball":5,"securitycraft:reinforced_grass_block":4,"minecraft:stone_axe":1,"minecraft:chainmail_leggings":1,"minecraft:iron_helmet":2,"minecraft:mossy_cobblestone_stairs":1,"minecraft:baked_potato":10,"minecraft:damaged_anvil":1,"securitycraft:door_indestructible_iron_item":2,"storagenetwork:kabel":7,"minecraft:coal":485,"minecraft:ender_pearl":1}},"DataVersion":3465}