{"stats":{"minecraft:picked_up":{"integrateddynamics:on_the_dynamics_of_integration":1},"minecraft:custom":{"minecraft:jump":208,"minecraft:time_since_rest":1979,"minecraft:leave_game":1,"minecraft:deaths":1,"minecraft:crouch_one_cm":296,"minecraft:damage_taken":349,"minecraft:sprint_one_cm":12654,"minecraft:play_time":8453,"minecraft:walk_on_water_one_cm":778,"minecraft:time_since_death":2225,"minecraft:walk_one_cm":18314,"minecraft:sneak_time":103,"tombstone:sneak_grave":5,"minecraft:total_world_time":8453,"minecraft:fall_one_cm":4238,"minecraft:fly_one_cm":26915},"minecraft:killed_by":{"irons_spellbooks:necromancer":1}},"DataVersion":3465}