{"stats":{"minecraft:killed":{"minecraft:pig":4,"exoticbirds:pelican":1,"minecraft:sheep":9,"friendsandfoes:mauler":1,"minecraft:cow":4},"minecraft:picked_up":{"minecraft:feather":1,"integrateddynamics:on_the_dynamics_of_integration":1,"minecraft:leather":2,"minecraft:oak_log":23,"minecraft:cornflower":8,"minecraft:dirt":29,"minecraft:bone":8,"mysticalagriculture:inferium_essence":3,"minecraft:beef":10,"minecraft:light_gray_wool":1,"minecraft:sugar_cane":4,"minecraft:oak_planks":2,"minecraft:furnace":1,"minecraft:oak_slab":3,"minecraft:stick":1,"minecraft:acacia_log":16,"minecraft:porkchop":9,"minecraft:white_bed":1,"alexsmobs:maggot":2,"minecraft:mutton":14,"minecraft:rail":4,"exoticbirds:raw_birdmeat":2,"minecraft:white_wool":8,"minecraft:cobblestone":11},"minecraft:custom":{"minecraft:interact_with_furnace":18,"minecraft:mob_kills":19,"minecraft:interact_with_crafting_table":8,"minecraft:time_since_death":24000,"minecraft:sleep_in_bed":4,"minecraft:time_since_rest":2092,"minecraft:sprint_one_cm":100854,"minecraft:damage_taken":1980,"minecraft:walk_one_cm":135482,"minecraft:drop":3,"minecraft:damage_dealt":2229,"minecraft:swim_one_cm":9594,"minecraft:fly_one_cm":223169,"minecraft:open_chest":10,"minecraft:crouch_one_cm":2474,"minecraft:play_time":39476,"minecraft:deaths":3,"minecraft:sneak_time":877,"minecraft:walk_under_water_one_cm":1824,"minecraft:jump":1123,"minecraft:walk_on_water_one_cm":5512,"minecraft:total_world_time":39476,"minecraft:fall_one_cm":45284},"minecraft:used":{"minecraft:cooked_mutton":7,"minecraft:stone_sword":73,"minecraft:stone_pickaxe":7,"minecraft:oak_planks":4,"minecraft:wooden_pickaxe":5,"minecraft:dirt":18,"minecraft:oak_slab":21,"minecraft:crafting_table":1,"minecraft:white_bed":2,"minecraft:stone_axe":40,"minecraft:furnace":1,"minecraft:cooked_porkchop":2,"tombstone:gift":1,"alexsmobs:animal_dictionary":1},"minecraft:killed_by":{"iceandfire:ghost":1},"minecraft:dropped":{"minecraft:cobblestone":3},"minecraft:mined":{"minecraft:oak_slab":3,"minecraft:acacia_leaves":7,"minecraft:white_bed":1,"minecraft:cornflower":8,"minecraft:acacia_log":16,"minecraft:grass_block":4,"minecraft:tall_grass":4,"minecraft:cobblestone":11,"graveyard:lying_skeleton":1,"minecraft:oak_planks":2,"minecraft:sugar_cane":2,"minecraft:furnace":1,"minecraft:fire":7,"minecraft:grass":23,"minecraft:oak_log":23,"minecraft:rail":1,"graveyard:leaning_skeleton":1,"minecraft:dirt":6},"minecraft:crafted":{"minecraft:wooden_sword":1,"minecraft:oak_planks":48,"minecraft:oak_slab":18,"minecraft:cooked_porkchop":5,"minecraft:crafting_table":1,"minecraft:wooden_pickaxe":1,"minecraft:stone_axe":1,"minecraft:cooked_mutton":8,"minecraft:air":0,"minecraft:stick":20,"minecraft:stone_pickaxe":1,"minecraft:stone_sword":1,"minecraft:white_bed":1}},"DataVersion":3465}