{"stats":{"minecraft:crafted":{"minecraft:wooden_sword":1,"minecraft:oak_planks":48,"minecraft:coal":9,"minecraft:iron_nugget":1,"iceandfire:silver_shovel":1,"ironfurnaces:iron_furnace":1,"minecraft:bone_meal":12,"integrateddynamics:menril_planks":60,"minecraft:cooked_mutton":14,"minecraft:glass":10,"minecraft:iron_boots":2,"minecraft:stone_pickaxe":1,"ironfurnaces:silver_furnace":1,"minecraft:wheat":9,"minecraft:cooked_beef":9,"minecraft:coal_block":1,"minecraft:glass_bottle":3,"minecraft:oak_slab":48,"iceandfire:silver_ingot":6,"minecraft:cooked_porkchop":8,"minecraft:crafting_table":4,"minecraft:wooden_pickaxe":2,"minecraft:iron_helmet":1,"minecraft:iron_sword":1,"minecraft:stone_axe":2,"minecraft:bread":3,"minecraft:air":0,"minecraft:iron_chestplate":2,"minecraft:stick":32,"minecraft:iron_ingot":42,"minecraft:iron_pickaxe":1,"minecraft:stone_sword":1,"minecraft:iron_shovel":1,"exoticbirds:cooked_birdmeat":2,"minecraft:white_bed":1,"minecraft:acacia_planks":24,"minecraft:torch":16},"minecraft:killed_by":{"minecraft:drowned":3,"minecraft:skeleton":1,"iceandfire:lightning_dragon":2,"minecraft:zombie":1,"iceandfire:ghost":1,"cave_dweller:cave_dweller":1,"vampirism:vampire":2,"iceandfire:fire_dragon":2},"minecraft:used":{"minecraft:stone_sword":151,"minecraft:iron_shovel":263,"minecraft:iron_sword":122,"ironfurnaces:silver_furnace":1,"minecraft:torch":48,"minecraft:dirt":105,"minecraft:carrot":1,"minecraft:tuff":1,"integrateddynamics:menril_sapling":8,"exoticbirds:pelican_egg":4,"iceandfire:ghost_chest":1,"minecraft:iron_boots":1,"ironfurnaces:iron_furnace":1,"minecraft:beef":1,"minecraft:hay_block":1,"minecraft:furnace":1,"tombstone:gift":5,"minecraft:cooked_beef":8,"minecraft:cobbled_deepslate":17,"minecraft:acacia_planks":12,"spartanweaponry:iron_greatsword":2,"minecraft:cooked_mutton":10,"minecraft:diorite":7,"minecraft:oak_planks":4,"minecraft:stone_pickaxe":83,"minecraft:wooden_pickaxe":41,"minecraft:sand":3,"minecraft:yellow_terracotta":2,"minecraft:oak_slab":52,"minecraft:crafting_table":3,"minecraft:white_bed":4,"minecraft:bread":3,"minecraft:iron_pickaxe":151,"minecraft:gravel":3,"minecraft:stone_axe":77,"exoticbirds:cooked_birdmeat":2,"minecraft:cooked_porkchop":8,"integrateddynamics:menril_planks":6,"alexsmobs:animal_dictionary":1,"iceandfire:silver_shovel":383,"minecraft:bone_meal":9},"minecraft:dropped":{"minecraft:wheat_seeds":7,"minecraft:cooked_beef":2,"minecraft:glow_ink_sac":5,"minecraft:yellow_terracotta":3,"minecraft:cobblestone":4,"minecraft:feather":1,"minecraft:granite":1,"minecraft:rail":12,"minecraft:dirt":10,"minecraft:stone_button":6,"minecraft:cornflower":8,"tombstone:grave_dust":4,"irons_spellbooks:arcane_essence":1,"minecraft:wooden_sword":2,"minecraft:gravel":1,"minecraft:stone_axe":2,"alexsmobs:maggot":2,"minecraft:stone_sword":1,"alexsmobs:animal_dictionary":1,"minecraft:rotten_flesh":12,"minecraft:light_gray_wool":2,"minecraft:iron_boots":2,"minecraft:cooked_mutton":4,"minecraft:red_terracotta":1,"exoticbirds:eggshell":3,"supplementaries:flax_seeds":2,"supplementaries:ash":4,"vampirism:vampire_fang":1,"minecraft:iron_chestplate":2,"minecraft:wooden_pickaxe":3,"minecraft:arrow":2,"minecraft:stone_pickaxe":1,"minecraft:oak_leaves":2},"minecraft:picked_up":{"irons_spellbooks:scroll":1,"iceandfire:dragon_skull_lightning":1,"minecraft:iron_chestplate":1,"minecraft:wheat":64,"irons_spellbooks:tarnished_helmet":1,"minecraft:clay_ball":8,"minecraft:wooden_pickaxe":2,"minecraft:enchanted_book":1,"minecraft:cornflower":8,"integrateddynamics:menril_log":15,"minecraft:wooden_sword":1,"minecraft:item_frame":1,"graveyard:corruption":1,"mysticalagriculture:inferium_essence":30,"minecraft:cobbled_deepslate":17,"integrateddynamics:menril_sapling":8,"minecraft:beef":10,"minecraft:iron_pickaxe":1,"minecraft:light_gray_wool":2,"minecraft:sugar_cane":4,"iceandfire:dragonscales_electric":18,"minecraft:iron_boots":1,"minecraft:furnace":2,"iceandfire:dragonbone":10,"minecraft:stick":1,"minecraft:raw_iron":77,"iceandfire:ghost_chest":1,"minecraft:acacia_fence":1,"minecraft:torch":46,"mysticalagriculture:prosperity_shard":85,"minecraft:acacia_log":17,"minecraft:porkchop":9,"iceandfire:lightning_dragon_flesh":3,"minecraft:stone_button":3,"minecraft:diorite":15,"tombstone:grave_dust":4,"vampirism:vampire_fang":2,"minecraft:carrot":2,"minecraft:rotten_flesh":14,"minecraft:arrow":2,"supplementaries:antique_ink":3,"minecraft:hay_block":2,"minecraft:yellow_terracotta":6,"supplementaries:ash":7,"minecraft:mutton":14,"minecraft:rail":12,"exoticbirds:raw_birdmeat":2,"minecraft:white_wool":8,"minecraft:cobblestone":23,"minecraft:feather":1,"minecraft:cooked_beef":1,"integrateddynamics:menril_planks":2,"minecraft:glow_ink_sac":10,"integrateddynamics:crystalized_menril_chunk":6,"integrateddynamics:on_the_dynamics_of_integration":1,"minecraft:leather":2,"minecraft:tuff":1,"minecraft:oak_log":23,"supplementaries:flax_seeds":2,"minecraft:dirt":605,"minecraft:lantern":1,"tombstone:gift":1,"minecraft:bone":19,"minecraft:acacia_planks":3,"spartanweaponry:iron_greatsword":1,"minecraft:wheat_seeds":72,"minecraft:iron_ingot":1,"minecraft:glass_bottle":3,"exoticbirds:eggshell":3,"minecraft:oak_planks":2,"ironfurnaces:iron_furnace":1,"minecraft:oak_slab":4,"iceandfire:copper_nugget":48,"iceandfire:ash":3,"minecraft:gravel":4,"minecraft:sand":41,"iceandfire:lightning_dragon_heart":1,"minecraft:white_bed":3,"minecraft:acacia_stairs":2,"minecraft:red_terracotta":1,"minecraft:stripped_acacia_log":6,"minecraft:stone_axe":1,"minecraft:diamond":4,"waystones:waystone":1,"minecraft:granite":1,"exoticbirds:pelican_egg":4,"minecraft:emerald":1,"alexsmobs:maggot":2,"minecraft:jack_o_lantern":1,"minecraft:coal":59,"minecraft:oak_leaves":2,"iceandfire:raw_silver":8},"minecraft:broken":{"minecraft:iron_shovel":1},"minecraft:mined":{"mysticalagriculture:prosperity_ore":8,"minecraft:tuff":3,"minecraft:white_bed":2,"iceandfire:silver_ore":7,"minecraft:deepslate_diamond_ore":2,"minecraft:jack_o_lantern":1,"minecraft:sea_lantern":1,"integrateddynamics:menril_sapling":6,"minecraft:granite":3,"minecraft:acacia_log":16,"minecraft:grass_block":393,"iceandfire:deepslate_silver_ore":1,"integrateddynamics:menril_log":11,"minecraft:hay_block":2,"integrateddynamics:menril_planks":3,"minecraft:furnace":2,"minecraft:iron_ore":16,"minecraft:fire":8,"minecraft:dirt_path":1,"minecraft:deepslate_iron_ore":34,"minecraft:vine":2,"minecraft:rail":1,"minecraft:stripped_acacia_log":6,"minecraft:stone":41,"minecraft:oak_slab":4,"minecraft:acacia_leaves":7,"ironfurnaces:iron_furnace":1,"minecraft:cornflower":8,"minecraft:torch":4,"minecraft:tall_grass":33,"minecraft:cobblestone":15,"graveyard:lying_skeleton":1,"minecraft:oak_planks":2,"minecraft:sugar_cane":2,"endofherobrine:mossy_stone_bricks":3,"minecraft:diorite":14,"minecraft:wall_torch":4,"supplementaries:urn":6,"minecraft:wheat":107,"iceandfire:ash":1,"integrateddynamics:menril_log_filled":4,"minecraft:grass":81,"minecraft:oak_log":23,"minecraft:coal_ore":61,"minecraft:sand":43,"minecraft:gravel":3,"graveyard:leaning_skeleton":1,"minecraft:dirt":205,"mysticalagriculture:deepslate_prosperity_ore":26,"minecraft:cracked_stone_bricks":1,"integrateddynamics:menril_leaves":13,"minecraft:acacia_planks":6,"minecraft:deepslate":20,"mysticalagriculture:deepslate_inferium_ore":8},"minecraft:custom":{"minecraft:mob_kills":51,"minecraft:interact_with_crafting_table":47,"minecraft:damage_dealt_resisted":333,"minecraft:leave_game":4,"minecraft:time_since_death":4165,"minecraft:climb_one_cm":1664,"minecraft:sprint_one_cm":377933,"minecraft:walk_one_cm":447233,"minecraft:drop":56,"minecraft:play_time":173523,"minecraft:sneak_time":3441,"minecraft:deaths":16,"minecraft:walk_under_water_one_cm":81342,"minecraft:jump":3527,"minecraft:walk_on_water_one_cm":59585,"minecraft:total_world_time":173523,"minecraft:interact_with_furnace":75,"minecraft:raid_trigger":1,"minecraft:sleep_in_bed":7,"minecraft:time_since_rest":3768,"minecraft:damage_taken":6936,"minecraft:trigger_trapped_chest":3,"minecraft:damage_dealt":10705,"minecraft:swim_one_cm":100593,"minecraft:fly_one_cm":658414,"minecraft:open_chest":34,"minecraft:crouch_one_cm":9427,"tombstone:undead_killed":19,"tombstone:villager_killed":1,"minecraft:fall_one_cm":93934},"minecraft:killed":{"endofherobrine:silverfish":2,"vampirism:vampire":2,"exoticbirds:pelican":1,"vampirism:advanced_vampire":1,"graveyard:nightmare":1,"minecraft:spider":1,"quark:toretoise":1,"minecraft:skeleton":2,"friendsandfoes:mauler":1,"minecraft:drowned":3,"minecraft:pig":4,"endofherobrine:villager":1,"minecraft:sheep":9,"minecraft:zombie":11,"iceandfire:ghost":3,"minecraft:glow_squid":2,"minecraft:enderman":1,"minecraft:cow":4}},"DataVersion":3465}