{"stats":{"minecraft:killed":{"minecraft:sheep":5,"minecraft:pig":1},"minecraft:picked_up":{"integrateddynamics:on_the_dynamics_of_integration":1,"minecraft:porkchop":2,"minecraft:oak_log":16,"minecraft:dirt":13,"mysticalagriculture:inferium_essence":1,"minecraft:light_gray_wool":1,"alexsmobs:maggot":2,"minecraft:mutton":8,"minecraft:white_wool":4,"minecraft:rail":4,"minecraft:cobblestone":11},"minecraft:custom":{"minecraft:time_since_rest":36,"minecraft:interact_with_furnace":3,"minecraft:sprint_one_cm":42428,"minecraft:damage_taken":1500,"minecraft:walk_one_cm":53120,"minecraft:mob_kills":6,"minecraft:drop":3,"minecraft:damage_dealt":879,"minecraft:interact_with_crafting_table":5,"minecraft:fly_one_cm":69745,"minecraft:open_chest":3,"minecraft:crouch_one_cm":269,"minecraft:play_time":15476,"minecraft:deaths":3,"minecraft:sneak_time":46,"minecraft:jump":387,"minecraft:time_since_death":0,"minecraft:total_world_time":15476,"minecraft:fall_one_cm":20971},"minecraft:used":{"minecraft:stone_sword":24,"minecraft:stone_pickaxe":6,"minecraft:wooden_pickaxe":5,"minecraft:stone_axe":3,"minecraft:crafting_table":1,"minecraft:cooked_porkchop":2,"alexsmobs:animal_dictionary":1},"minecraft:killed_by":{"iceandfire:ghost":1},"minecraft:dropped":{"minecraft:cobblestone":3},"minecraft:mined":{"minecraft:grass":6,"minecraft:oak_log":17,"minecraft:rail":1,"minecraft:cobblestone":11},"minecraft:crafted":{"minecraft:wooden_sword":1,"minecraft:oak_planks":20,"minecraft:cooked_porkchop":2,"minecraft:crafting_table":1,"minecraft:stick":20,"minecraft:wooden_pickaxe":1,"minecraft:stone_pickaxe":1,"minecraft:stone_sword":1,"minecraft:stone_axe":1,"minecraft:air":0}},"DataVersion":3465}