{"stats":{"minecraft:picked_up":{"minecraft:dirt":13},"minecraft:custom":{"minecraft:jump":49,"minecraft:time_since_rest":1,"minecraft:damage_dealt":48,"minecraft:crouch_one_cm":92,"minecraft:sprint_one_cm":5052,"minecraft:deaths":2,"minecraft:play_time":3476,"minecraft:damage_taken":1115,"minecraft:time_since_death":61,"minecraft:walk_one_cm":6512,"minecraft:sneak_time":14,"minecraft:total_world_time":3476,"minecraft:fall_one_cm":11430,"minecraft:fly_one_cm":9895},"minecraft:used":{"alexsmobs:animal_dictionary":1},"minecraft:mined":{"minecraft:grass":2}},"DataVersion":3465}