{"stats":{"minecraft:killed":{"minecraft:sheep":5,"minecraft:pig":1},"minecraft:picked_up":{"integrateddynamics:on_the_dynamics_of_integration":1,"minecraft:porkchop":2,"minecraft:oak_log":17,"minecraft:white_bed":1,"minecraft:cornflower":8,"minecraft:dirt":17,"minecraft:bone":8,"mysticalagriculture:inferium_essence":1,"minecraft:light_gray_wool":1,"alexsmobs:maggot":2,"minecraft:oak_planks":2,"minecraft:mutton":8,"minecraft:white_wool":4,"minecraft:rail":4,"minecraft:cobblestone":11,"minecraft:furnace":1},"minecraft:custom":{"minecraft:time_since_rest":7931,"minecraft:interact_with_furnace":11,"minecraft:sprint_one_cm":68182,"minecraft:damage_taken":1820,"minecraft:walk_one_cm":91420,"minecraft:mob_kills":6,"minecraft:drop":3,"minecraft:damage_dealt":879,"minecraft:interact_with_crafting_table":7,"minecraft:fly_one_cm":132408,"minecraft:open_chest":10,"minecraft:crouch_one_cm":919,"minecraft:play_time":27476,"minecraft:deaths":3,"minecraft:sneak_time":534,"minecraft:jump":701,"minecraft:walk_on_water_one_cm":170,"minecraft:time_since_death":12000,"minecraft:sleep_in_bed":3,"minecraft:total_world_time":27476,"minecraft:fall_one_cm":32448},"minecraft:used":{"minecraft:cooked_mutton":4,"minecraft:stone_sword":35,"minecraft:oak_planks":4,"minecraft:stone_pickaxe":7,"minecraft:wooden_pickaxe":5,"minecraft:stone_axe":3,"minecraft:dirt":17,"minecraft:crafting_table":1,"minecraft:cooked_porkchop":2,"minecraft:white_bed":1,"tombstone:gift":1,"alexsmobs:animal_dictionary":1},"minecraft:killed_by":{"iceandfire:ghost":1},"minecraft:dropped":{"minecraft:cobblestone":3},"minecraft:mined":{"minecraft:white_bed":1,"minecraft:furnace":1,"minecraft:fire":7,"minecraft:cornflower":8,"minecraft:grass":16,"minecraft:oak_log":17,"minecraft:rail":1,"graveyard:leaning_skeleton":1,"minecraft:dirt":6,"minecraft:cobblestone":11,"graveyard:lying_skeleton":1,"minecraft:oak_planks":2},"minecraft:crafted":{"minecraft:wooden_sword":1,"minecraft:oak_planks":24,"minecraft:cooked_porkchop":2,"minecraft:crafting_table":1,"minecraft:stick":20,"minecraft:wooden_pickaxe":1,"minecraft:stone_pickaxe":1,"minecraft:stone_sword":1,"minecraft:white_bed":1,"minecraft:stone_axe":1,"minecraft:cooked_mutton":8,"minecraft:air":0}},"DataVersion":3465}