{"stats":{"minecraft:killed":{"minecraft:pig":4,"exoticbirds:pelican":1,"graveyard:nightmare":1,"minecraft:sheep":9,"minecraft:skeleton":1,"minecraft:zombie":1,"friendsandfoes:mauler":1,"minecraft:drowned":2,"minecraft:glow_squid":2,"minecraft:cow":4},"minecraft:picked_up":{"minecraft:feather":1,"minecraft:glow_ink_sac":5,"integrateddynamics:crystalized_menril_chunk":6,"integrateddynamics:on_the_dynamics_of_integration":1,"minecraft:leather":2,"minecraft:oak_log":23,"minecraft:cornflower":8,"minecraft:dirt":31,"integrateddynamics:menril_log":15,"minecraft:bone":10,"graveyard:corruption":1,"minecraft:wheat_seeds":1,"mysticalagriculture:inferium_essence":6,"integrateddynamics:menril_sapling":2,"minecraft:beef":10,"minecraft:light_gray_wool":1,"minecraft:sugar_cane":4,"minecraft:oak_planks":2,"minecraft:furnace":1,"minecraft:oak_slab":4,"minecraft:stick":1,"minecraft:acacia_log":16,"minecraft:porkchop":9,"vampirism:vampire_fang":2,"minecraft:white_bed":1,"minecraft:arrow":2,"minecraft:rotten_flesh":3,"minecraft:hay_block":2,"exoticbirds:pelican_egg":2,"alexsmobs:maggot":2,"minecraft:jack_o_lantern":1,"minecraft:oak_leaves":2,"minecraft:mutton":14,"minecraft:rail":4,"exoticbirds:raw_birdmeat":2,"minecraft:white_wool":8,"minecraft:cobblestone":11},"minecraft:custom":{"minecraft:interact_with_furnace":22,"minecraft:mob_kills":26,"minecraft:interact_with_crafting_table":9,"minecraft:time_since_death":1081,"minecraft:sleep_in_bed":4,"minecraft:time_since_rest":1,"minecraft:sprint_one_cm":120896,"minecraft:damage_taken":3165,"minecraft:walk_one_cm":160227,"minecraft:drop":11,"minecraft:damage_dealt":3669,"minecraft:swim_one_cm":38784,"minecraft:fly_one_cm":273407,"minecraft:open_chest":10,"minecraft:crouch_one_cm":4272,"minecraft:play_time":51476,"tombstone:undead_killed":4,"minecraft:deaths":7,"minecraft:sneak_time":1411,"minecraft:walk_under_water_one_cm":31962,"minecraft:jump":1330,"minecraft:walk_on_water_one_cm":18482,"minecraft:total_world_time":51476,"minecraft:fall_one_cm":47821},"minecraft:used":{"minecraft:cooked_mutton":10,"minecraft:stone_sword":109,"minecraft:stone_pickaxe":11,"minecraft:oak_planks":4,"minecraft:wooden_pickaxe":5,"minecraft:dirt":18,"minecraft:oak_slab":52,"minecraft:crafting_table":1,"minecraft:white_bed":2,"exoticbirds:pelican_egg":2,"minecraft:stone_axe":71,"minecraft:beef":1,"minecraft:hay_block":1,"minecraft:furnace":1,"minecraft:cooked_porkchop":2,"tombstone:gift":1,"alexsmobs:animal_dictionary":1},"minecraft:killed_by":{"iceandfire:ghost":1,"minecraft:drowned":3,"iceandfire:fire_dragon":1},"minecraft:dropped":{"alexsmobs:maggot":2,"alexsmobs:animal_dictionary":1,"minecraft:cobblestone":3,"minecraft:cooked_mutton":4,"vampirism:vampire_fang":1,"irons_spellbooks:arcane_essence":1,"minecraft:arrow":2},"minecraft:mined":{"minecraft:oak_slab":4,"minecraft:acacia_leaves":7,"minecraft:white_bed":1,"minecraft:jack_o_lantern":1,"minecraft:sea_lantern":1,"minecraft:cornflower":8,"minecraft:acacia_log":16,"minecraft:grass_block":6,"minecraft:tall_grass":7,"minecraft:cobblestone":11,"graveyard:lying_skeleton":1,"minecraft:oak_planks":2,"minecraft:sugar_cane":2,"endofherobrine:mossy_stone_bricks":2,"integrateddynamics:menril_log":11,"minecraft:hay_block":2,"minecraft:furnace":1,"minecraft:fire":8,"integrateddynamics:menril_log_filled":4,"minecraft:grass":26,"minecraft:oak_log":23,"minecraft:rail":1,"graveyard:leaning_skeleton":1,"minecraft:dirt":7,"integrateddynamics:menril_leaves":13},"minecraft:crafted":{"minecraft:cooked_beef":9,"minecraft:wooden_sword":1,"minecraft:oak_planks":48,"minecraft:oak_slab":48,"minecraft:cooked_porkchop":8,"minecraft:crafting_table":1,"minecraft:wooden_pickaxe":1,"integrateddynamics:menril_planks":44,"minecraft:stone_axe":1,"minecraft:cooked_mutton":14,"minecraft:air":0,"minecraft:stick":20,"minecraft:stone_pickaxe":1,"minecraft:stone_sword":1,"minecraft:white_bed":1}},"DataVersion":3465}